Satisfaction,Segment,Reclamations,Revenu,behavior_score_1,behavior_score_2,behavior_score_3,behavior_score_4,behavior_score_5,behavior_score_6,behavior_score_7,behavior_score_8,behavior_score_9,behavior_score_10,behavior_score_11,behavior_score_12,behavior_score_13,behavior_score_14,behavior_score_15,behavior_score_16,behavior_score_17,behavior_score_18,behavior_score_19,behavior_score_20,behavior_score_21,behavior_score_22,behavior_score_23,behavior_score_24,behavior_score_25,behavior_score_26,behavior_score_27,behavior_score_28,behavior_score_29,behavior_score_30,behavior_score_31,behavior_score_32,behavior_score_33,behavior_score_34,behavior_score_35,behavior_score_36,behavior_score_37,behavior_score_38,behavior_score_39,behavior_score_40,behavior_score_41,behavior_score_42,behavior_score_43,behavior_score_44,behavior_score_45,behavior_score_46,behavior_score_47,behavior_score_48,behavior_score_49,behavior_score_50
4.264462212894274,Segment_D,0,44819.377756259564,44990.13890915282,44616.911501386865,46320.17647337485,43159.498145920115,45876.96745190858,43981.09054773385,46079.497223603845,43628.463756561636,51077.13762883848,47280.150578793844,40638.78554659286,48665.98209740969,39648.6923866992,48903.992652944005,44107.05848848974,40147.70425504752,35487.15063191393,34314.807856589796,37461.247773598494,38660.39557166117,47450.272222278305,37897.531302496645,46553.52021773017,42092.20622220509,45077.141289694984,30962.588391976755,34503.76664374638,48112.21922538718,54473.18995015406,51429.114320175126,29223.717030888878,55461.46418173292,33428.363999128174,33546.459777815646,40656.63738454886,53645.05651976289,51891.668537254474,47068.69398164082,66844.01314514829,47128.942954923536,29437.65509055062,38591.519267104224,31918.534774876454,29468.28265336719,19785.686230567022,50693.013526382674,55590.26900089714,22567.893350590824,34744.69702188073,60819.29804651651
1.8677545328842609,Segment_B,0,33285.51238605124,33316.74459273314,33441.85188664306,32635.5745918262,32103.03474415092,33461.059103192194,34812.60255172559,33512.456801432534,33266.436607567804,31823.994196642165,33967.03089600171,32240.585299863433,33268.59390836918,35842.1765505632,31860.5378883875,38525.30985410711,37940.56642708059,33647.365926028164,26901.103031322597,40470.76718575848,30322.80657084805,33512.32433025125,37170.28290350086,25630.399148618315,19267.12731867985,26830.562615722654,44967.372937841545,31435.052230659185,28806.61644479445,25819.104739907227,36408.58697452094,31507.863504886976,37197.1877722467,24651.179822116923,42906.19978114747,34885.63576626409,49808.023491698055,37945.64823734969,23893.122221782833,36767.9334962358,37533.66202535235,39737.93661420969,36067.534173855296,22751.402961454405,24142.503120260233,31663.297483191734,44277.38325874719,36539.6700542982,53568.65198554825,48957.47141859007,42548.45599873907
3.5925450022855165,Segment_A,6,53738.848010075395,53633.91362924697,53643.20789385004,52146.06623535775,55188.01014458627,54943.784693106085,47734.083981826414,55709.524771218814,54343.165399460486,56166.17561367072,49778.553704189326,51839.225094193345,59192.83614350813,47129.278581047314,48206.28590328897,54240.164381036135,49477.6425631233,54028.10152489655,55119.29459697097,54810.15031702377,53953.99294571343,63053.8404809004,58816.259720928756,50249.66700355016,62891.52368318019,47846.16454184085,45964.867238640916,58561.198370467195,48164.17603074406,63994.05919394248,55498.99577466877,54271.693721886404,58435.16051792067,42433.92610855572,49005.19484406024,48681.09108710993,40623.267302315704,64651.47401195497,48052.42737491091,71049.33862404941,65004.75521640531,62324.07829768625,58742.22931010327,44782.51139874989,41809.830998312216,43468.60557169865,76773.84899911264,57190.25493920185,35901.27445902741,38287.893963901144,47038.70941457599
1.5112531836749854,Segment_B,1,49841.181441023444,49626.702171105564,48662.90697973294,49987.062471877536,48057.516002924,50902.512742044855,50282.911870504446,49824.214871222306,46562.07249854271,50285.85875224484,50389.45523010232,46607.31270690147,51789.71678438562,46837.49599378996,50341.02763678137,57333.067689536816,48499.90351586837,44585.4943464949,52587.988862308885,51206.69631992749,49068.026968009886,47692.64380719099,48479.06407966856,53676.61207242418,51996.038115068615,54679.127632456635,68506.5498102849,54307.69600670981,35465.57964088055,62041.096630864944,65743.08557246621,58606.05924616893,27026.778000897826,37500.58771385814,42600.20586586802,54267.11082129703,42145.57538459161,46129.0914611492,49811.30561980478,64037.297893281044,50111.04383881991,34120.155529044496,53851.33012253044,60778.169572844046,32874.371910259375,57084.4906473891,57949.48038844863,16761.29388026474,82168.03000171098,36854.26179325038,47565.424336277705
2.2221274222158818,Segment_B,7,67396.49273038257,66755.1792484569,67227.14794885661,67926.6760092136,66889.98302145574,63648.3784309708,69390.17316074885,66891.95905563285,68182.31888944504,65654.54616354391,70829.04475276591,67428.83775262038,65708.0037607833,71085.12150826388,61045.70686653723,68499.16602756712,71519.70316560713,66246.27347227186,65662.66016012055,60672.6933652813,56039.73025244108,66170.90486951025,65241.06547411471,67872.15111591044,68416.84606130303,74320.80106098621,73390.2270640201,62645.41452110405,72567.87833621916,62082.16479622253,65340.064292371026,59389.58032494152,73519.42617810503,72709.89688719864,59887.40638104481,59259.0178622599,74747.07929723166,74433.59725160964,49470.63541157083,65463.131321704124,51789.13190209994,44316.5420442562,73638.6577242387,56098.74270528301,59994.495618836256,66783.90124127087,59284.27475668084,87100.579469257,78061.7931837712,57973.19088682241,67102.65911497058
2.8019854658663657,Segment_B,9,53577.83286202995,53820.14940711304,52941.12474636744,52788.272953002845,55744.084448329595,54629.88003740542,53306.86922934233,53345.41870682499,49997.110571997386,52931.32806480092,56926.47438657131,54509.935866625514,59361.91488456753,49261.31761448963,52280.23258954479,54379.40440331414,61624.35105128783,50296.56519836536,59276.715708012285,57249.61706628568,51838.512591773084,52570.731916761186,54390.834643013746,50613.86588809665,54970.835736000954,54184.47802215679,57767.85425722184,51029.62251360078,52189.5905346754,62703.02341887496,54790.593937974365,57941.96752475098,52371.518316439506,69746.22705123133,48488.03367515167,41638.07122520784,47373.497748795504,41652.52843831781,58961.053044209664,68577.5970189982,57368.236909933796,62779.00217897908,44934.77962865881,62249.96821953889,70426.46152071367,66285.1849102935,67966.92399351228,50638.77494494323,42592.15254048568,60280.84374815187,45922.67429101927
2.5143912371069055,Segment_B,1,40041.24759911629,40363.57301958869,39775.22822621367,39765.79009231479,39732.06426397288,38679.982386685755,41993.13349693508,42006.99754894711,40609.33307371933,42721.288969349014,37462.87827481484,44179.80724597306,39904.31610479392,45375.27761123019,46150.690132791446,39031.9102225211,41886.99157898155,35542.14835348532,45242.46945800255,37534.52328234037,25449.85468341819,40417.46531926756,40368.24745839146,34497.349013652674,32308.756121009632,32586.629225835288,44090.675830528606,35354.09576367001,54732.207943121444,19105.606615750003,37017.465692023165,45842.53858010186,38273.80384154289,45678.86842592782,41326.73782770876,41434.7665167787,29071.50268046867,25642.302780207847,42188.32001101558,34376.42502878053,40341.49052396121,49405.2485403442,35825.34408389794,43434.473667888145,55391.73346162867,28185.768532391092,65532.11103971627,56702.75984471873,57682.16861160872,41421.27883081399,42469.08464101642
4.672874676486992,Segment_A,4,30846.09769722178,30276.419993701125,31320.729108544103,33025.84257871086,31681.25594838227,31347.85835268459,29606.495197718832,30669.791931325657,29832.812232533233,28740.157298108697,30916.425962795718,34562.80013739907,34423.89659241137,27190.519015484213,27540.03155288922,30065.418348902596,36626.62309164305,35421.83348064709,31760.205288678957,22879.424044114596,34159.90959858692,27035.346940364405,15596.235331495047,32051.43938928458,40671.58967982986,28994.64107837109,28804.929796392877,44225.78297363785,36106.330512120134,21300.086116935876,30628.745658010495,34317.38667489863,35397.413139282195,26356.841707881053,37857.0962976713,32802.2739007852,17492.797749249683,36453.50452428146,31228.017168632454,27106.96254376469,49921.781298572605,21446.26541964028,28785.242589203128,13038.156619733087,17087.079393381522,37486.22609311109,27470.964517372344,35371.99682402718,43405.11339016966,26140.00491316604,13470.628225196113
4.804713532090891,Segment_D,3,57361.25354190755,57557.24125944877,57171.55206551489,56200.7347135179,59302.71359825114,57348.61367966882,52682.40338238956,56504.925094693455,58651.764149277486,53831.515641793,50879.935769095995,54903.25549792101,58335.52260316321,59637.65474878325,56932.66566764204,56363.765612571646,56242.66374394739,56875.72332820748,55308.628162032306,64786.19654963016,65796.7065398872,54093.813107181464,60456.61255676623,61209.40799995977,60666.967949896934,65838.0035647197,58347.06591293348,64943.80417055901,56654.289918689065,62711.434205836835,57566.1507614243,75623.31884964109,57055.36137908015,39950.92516511206,44706.90714492083,37165.203925877715,55737.55037554117,60294.52181711789,68811.45028727448,89302.39966770094,46651.638152161664,58589.07634552174,66187.67100371362,62886.147122357805,53560.684960208215,68400.90608232367,65126.857979228764,52238.0900274421,47678.43077479306,51848.75912849072,28997.88662888601
4.692695518649874,Segment_B,5,46188.83454863508,46748.12665832477,45712.283560770265,47316.23959424473,45368.865499337444,46901.21704768718,45622.43591972459,47378.369631677386,47443.41201575753,43530.55441280828,49286.3130007347,43317.046328256176,48654.69926521172,42607.42726552377,51669.00415981518,50776.00595258294,45902.055436377705,46801.73075337281,44779.56023421886,52664.96086675723,48878.60262415719,53433.620976411694,52007.60019419696,54798.94028581497,40806.40956023201,45545.775214614354,45917.23137451144,49342.24211827608,53558.24458317664,54231.5376031661,54912.85432127852,45329.76492863384,26230.136304090716,41755.99130233977,52395.25872475756,45804.44574879405,42224.658700026615,55123.73986482129,41515.663317631625,52867.11790586976,36453.14400673543,52161.219920416355,41995.34359464703,41258.950879661024,32256.754433048714,45785.77609347761,55620.85230741809,54470.440574464556,38641.6857928791,28387.855506627067,40023.50904606265
4.819239416569657,Segment_A,4,49112.040166925406,48781.32476062383,49129.80246914369,48952.67633595989,48589.340893112,48991.56045350163,51238.163674531956,48334.71144175793,50193.66387871412,49189.10823367401,52067.15298909984,51490.83371976267,47480.74480489607,47937.96304006408,53736.4306046819,46784.54115393112,52899.62476294127,55373.86192112299,51888.07691523648,36133.926378992015,45058.522420532194,44831.04052615475,42216.357575893315,43949.41706227118,49531.26861555206,49674.05213454862,36540.82184272658,47136.34896502089,43371.4363953986,51172.06803285328,55751.40435681115,57691.4831085045,65607.58193746481,43859.76926914749,59038.94756482328,62074.65071072493,60995.899645755366,42798.1071855632,38761.46097265092,45841.17229911601,52607.859898399875,67362.74043573136,52053.11688772081,73228.0145736192,36332.10586447389,51325.551880058374,56353.2001480278,47151.93959705387,53816.8074962902,54410.09466561881,31490.420391230786
1.9752901846791766,Segment_D,3,42696.429198416314,42907.25421396779,42169.10849838195,44015.78676210914,43769.28048081612,44350.780742599505,43278.841234898864,44707.47402367755,42444.801581603926,44472.81968050673,46389.108580774235,43758.86507208218,38013.37102753973,42662.19740564807,38523.39130550573,34908.06143329588,42904.77488684219,34739.81683480474,46675.25523930342,40819.87359030382,35858.514407232964,49025.44132195412,43777.87107781359,35647.11967312928,39725.20665141195,42023.32854297595,41470.18427021821,34330.25045147045,45380.657254369355,66994.938639571,61350.81247719362,42738.459693746925,55158.13006456921,26114.162519004967,35886.84034922104,48558.7199532995,34354.32099152398,64190.89707474364,60174.80007500718,46567.95248744262,48167.35000587656,51960.623569918425,32292.633872633236,18710.30484675313,53587.13764035092,36663.79081037805,31208.227087726118,52983.83476645468,38133.703207923885,56828.74902897572,59586.32136282735
4.035933026243621,Segment_A,4,26001.523866021176,26176.871030391187,26627.143823971444,26615.35014540212,26803.385693522156,26035.203606289848,25101.414288389835,26402.03351716281,22932.935657954997,26257.36478930843,22943.590463035198,30485.27280769361,29186.62791050625,24614.581100570354,23543.535101565983,24068.186792295415,26663.297842239237,22826.961551964767,34359.77654629224,23258.15628657032,28325.428651168837,26626.089887665454,33516.26066688071,21432.631589664226,41290.24139039415,34040.56671334602,18731.32874455875,30405.97860325608,30930.20845493813,19899.2225697401,37950.067377547355,20942.415737094885,35701.716981836136,42799.74215151078,18339.125900877203,22942.630510602317,25221.30009886279,15871.213883440078,14369.645398188617,9215.391863292716,16556.04693974931,36519.05510756211,30479.05228876919,17433.122658712513,13181.762559265157,55895.40774621058,12994.509909964296,6740.964351421735,31720.913255808973,4607.381691248862,37626.548327754834
1.9035805368462615,Segment_A,2,60898.88830883666,60962.09444188612,60366.247023790595,60206.093406283224,62284.979690573615,60464.235284149414,60277.632175786224,63021.206194462626,57005.912038779155,62599.345057966726,58607.70803438146,58058.70095091289,58129.61026308278,62524.193016916826,52115.06216391702,53986.505171531004,50445.41170686086,62506.208157253895,63120.56476996166,56373.03333529288,61518.09775580284,66527.09833659983,55874.3469830031,58567.860659138976,63591.77893549748,56691.3107658553,67103.35393220473,68427.79597285832,56568.10254791987,43070.89930567129,75478.03144844841,33775.212771010105,70546.60936608446,52650.613407376455,77870.34634355514,62286.15785604262,62072.73969004963,74317.26501715864,55069.603805495484,65805.55132505458,57175.09790995905,42016.3413685664,59354.30505838444,76371.02370561303,64379.89133476736,32379.426676382736,65172.68951201407,58334.07914373017,35923.102224201066,64992.51628395913,78775.82709860534
3.1933740167684252,Segment_B,9,55795.75916197256,55380.38158322638,55396.265834644655,54912.10767775029,57314.981254487386,55983.82152112815,55329.39421988738,54763.16420875044,57440.117122495845,54454.31597359902,52055.66252398217,54101.28997870946,62930.88075219569,45507.37644283983,61071.61544456778,63341.87844131041,55837.34138085013,54379.646813079074,47072.137582307514,59726.91134033148,51403.97328199797,55182.02191623849,59890.65446081768,62500.78113313545,52958.42955670965,46190.09762285258,53525.44819910708,43145.82065758528,52987.52080692157,63895.824796624904,56902.62557642549,32401.249151869975,61714.79601223522,43138.509291150745,65177.67899065997,47494.00405250391,63206.34505857076,67576.16031274213,52241.59521099598,74537.3380832968,46151.59889933764,49906.5387602259,51904.05512862633,69255.77529131858,55720.2600346798,55947.480745328656,48518.74186188048,48527.8462441898,59956.11343789383,80670.90813353253,48210.61009429019
4.314915067908879,Segment_A,1,52662.54140986521,52670.34091875086,52783.944467455585,52646.50572153574,54007.519244047,52465.78607010115,51597.467894961395,57261.148276391585,52304.3272075882,51136.512097367464,49197.15506599858,48687.951937430254,54392.39762740993,46310.81736287071,52766.18210942662,48052.25248751197,56488.90887341083,61091.68589524918,52034.99610033098,49731.878918812814,43284.27740739481,44904.668007842396,42971.41305657033,47782.50223261744,57768.56889257117,59100.37651738731,54692.52956119985,55450.41868644508,52250.970509079576,59876.36180485479,55001.010062481015,48062.92375767444,56860.55933714249,53949.177331647756,60079.081323166116,65875.33294908333,61455.09846513659,54869.396879121785,64809.00601066937,68051.69798739234,65014.72686052349,68698.56467321982,62368.105444575514,37711.058454498285,64591.33460751149,29020.619388426585,67106.0519705613,73663.35679121762,56313.49162727897,38077.94967311749,21387.00179036191
2.336648588279898,Segment_B,6,57968.35015077285,58083.15906901298,57966.13489170837,58839.350604492996,58070.71562460338,56805.060766275084,58248.38380472398,61052.414079392445,57977.95645457253,57589.55104367359,60074.703559549394,62128.17092265635,62822.39350025997,60447.178240245325,62200.23803912521,56706.377438828495,57710.86502518479,62255.56981344046,63337.06061653135,57328.352116344904,57510.21946768761,54479.932607612594,63424.00400359962,47446.53762298673,41515.0626978504,51347.25610892999,57656.04133071904,71434.47016207082,61475.31626778356,40566.806806439636,67658.53217105023,56637.502325380345,69868.78529644375,51027.22794238202,69920.68260745108,48399.23944696352,52573.34298637086,58307.05350829647,62626.33122082433,60264.56855942719,46850.75901349829,64536.86565017294,60396.27021994311,54850.61002144609,78619.489588432,68518.74305660528,68253.2100311507,48063.48896533805,67185.8673997169,90366.66512813991,85695.47088390825
1.8562880705326283,Segment_B,9,35050.31827970168,34876.76135375462,35577.54815582215,34486.30790607307,33318.11841184544,34024.23009172775,32185.263813640835,32829.1577665403,32552.473215421236,39580.4403921013,36805.5013356686,32257.803029839983,39146.36045779549,33987.21567904316,34377.65666757377,36653.080985874265,46553.534509881494,35785.21141996859,37935.28048770813,19496.27282610367,34060.22676946258,28924.92030459529,32225.11043015331,31963.31960297537,39218.86892767514,36493.19559179137,34463.561344690184,34335.15183449014,50543.13826914495,23468.407368807213,46924.52989316241,22414.326983190833,39156.70917957555,38548.278904881736,50670.90085486513,26762.016247439475,43332.26952680449,30844.641765270462,32810.094132250146,14723.208090399821,35008.50599721259,48644.496596320656,51567.11716061557,31369.642389546832,18927.601246932416,45079.785255977564,26960.031725013945,43183.8229764002,44015.88766166451,25805.03157925485,42241.26678737473
4.715920930717884,Segment_A,0,73626.5488598435,74227.07389363398,73674.85764420535,74817.06844349376,71701.82269176512,72900.116066686,72255.85067230459,72528.07601820515,77356.35006530145,69702.00862801571,72720.70445920859,72910.46675486969,70932.80725550855,76403.03774391432,68697.28590339186,64956.588166505186,63180.73058519611,72460.30579660927,76717.76973960992,79802.02554559047,73641.74653563653,73191.19868925044,60816.94208813979,77838.11369538393,71852.537746882,81402.74284014986,71225.02682403597,70622.3312494959,67210.47332107148,82597.55608230695,70395.58537665807,73370.1109867969,61260.28735553699,47699.34753454171,69721.53386272374,60262.0740719751,85489.84610495895,79716.7971922306,73762.41872305358,65408.286771842366,80081.13568003262,77505.69049349378,66941.19856590888,66193.90444200924,90434.6809309086,87125.98684215997,81328.64577971038,95492.54177900979,75038.40173600538,75415.74988292721,100419.83622972081
1.6867441713657532,Segment_C,8,46176.21288139606,46193.42748381579,45787.3499923137,45786.85128805944,46839.25612108835,45838.86614842861,46705.79461583807,44159.03081003039,45617.17165338572,40238.19363891313,44525.309700154816,46943.83164272386,53560.20214948881,42135.881134151154,47231.254207947415,48655.749607873615,51711.79710220885,42975.5239319688,53224.894781841926,50052.1314397636,42908.55724350019,45598.27206566458,44477.41882369506,34478.92484611919,45822.90727966516,41524.002999446166,34740.94485506128,46569.32899590997,42331.93675533824,39602.21458771155,45289.35425404867,49304.88130272942,54735.68768650487,39269.956279575934,34708.793267709276,46232.547215659,54411.40900850596,70717.69356705439,48991.799398324576,38828.33164800831,58463.74934826784,51916.48306461199,76562.23049716273,37329.72907505621,36843.08668533293,46831.34945654654,29265.54167250302,38768.77835805883,49926.90301293365,53504.0436217317,38437.59198456001
1.8982917018809142,Segment_A,4,54317.214832541446,54487.147100607894,54411.18652609375,54526.17983986165,53330.49608456685,55748.41804201424,60162.4279581307,57361.78089287381,54473.01728301708,57444.51374018204,56197.45925450764,53015.16668225806,53519.3263388737,54983.97383183973,57410.35274329438,54996.561488610016,49806.59811561583,52313.76025383803,50676.241345914386,47219.940264822675,58243.54253814158,51916.405872258736,44142.29471116296,56038.006986617,52485.353560982534,63806.579982352436,53171.50917576157,50716.51272112968,71869.12369527505,46554.9537870681,59033.554955955115,54100.61896889831,54192.81388383838,58581.144822211645,53512.59618274487,65108.680247887416,66071.90302366919,56522.30135597468,45095.92766086374,44829.6769608739,54818.62193247829,47457.96978004617,60759.173567265694,37543.87445356396,38617.17259885538,49020.94335840651,53899.962089849134,59643.30802074643,38726.30123501833,64185.07740054088,24907.68233193837
2.4315362468126533,Segment_A,4,58954.052424674956,59246.49908375081,58741.675844226425,59354.01395018542,60434.389295666835,61024.78754497436,59446.36166634052,59476.81927633266,56760.58628420265,62955.518490020135,55592.589330061244,59268.56877643977,57210.00677624624,58734.07010569867,66231.73794664568,62288.01827285368,52310.30898832727,57816.64348223995,58730.43494561906,55346.547680088006,54974.73595767286,71506.70442678404,65056.70913634293,62356.898900706925,50795.38358174652,63391.890548981435,54637.965528849076,58265.025361872096,50714.045315917756,61547.675669315075,54521.78619564079,64585.99416848584,58376.835867544156,55384.359741327884,54301.303986529616,52338.90560830553,55251.78115858567,58610.04329020794,62731.74813355101,38937.726944491726,72220.64357002353,69167.70102269898,54663.67715883083,59418.97929490236,59265.03193023038,69850.79568991969,73807.56752740967,59247.84225478001,56252.14400343409,53572.254578394175,40135.65827203158
1.4939603995770927,Segment_C,4,17301.691156881498,17841.076577336087,17111.789690721136,16871.672464384857,18101.717439104174,15227.64886671836,18699.351086224975,15722.599079276311,18153.290574103867,16468.88894276878,16722.708896917597,16339.118270794996,13484.988686980263,19822.29567908634,18207.413269143286,17166.100697708986,18175.944850734293,17241.00593085196,11961.504345943536,23404.909290794745,11326.738161641308,21562.72297053968,4851.127748645367,19927.95817309797,8728.91009265348,15028.79983401496,11637.670340762583,20171.811078237704,14037.403104995472,14092.933679233503,22650.461742903888,18404.216014936283,35630.11069725394,24678.636686457925,13924.447167155255,27265.640680287193,12998.850640061813,25139.58557326113,6619.330936067399,21688.493665827966,-1817.0573335653207,16473.533967265816,18583.037771272626,24304.82239053866,32039.029315873406,1221.6813428626083,11141.943717945409,9714.21009771431,8143.12325811886,33082.06640302839,14990.04798782026
1.7027310974677978,Segment_C,3,70104.54636006687,70284.40203047125,69267.19067684209,69184.07888752571,69429.19331819286,70769.61381091089,68788.82709698589,70143.30751551942,69294.49045380083,69676.20113636083,69620.54665778685,67606.45611583929,73588.27484048744,63690.48872624171,76582.50820534509,74016.48266244771,77704.32324609673,69319.02813980886,60593.87108987422,63097.06771093606,68854.95572320017,60127.22342508909,70558.54023673946,62481.456921593286,68281.66557647215,68165.35177450003,70053.79349874974,64171.75417506975,91056.05337370638,68489.09558462417,69277.27969836374,81882.50185541481,69345.34939234704,69501.26614995759,57197.92399896633,62980.185647985156,89846.43406177263,67369.5978753134,60390.77936756337,63497.83909599662,66386.63193757125,74343.52386974498,68099.74400441519,70142.99777620035,66998.60305867631,75135.59077867109,68493.68771739585,65225.53651015235,77975.18129788623,56498.85800462194,67340.07896035943
3.349103574943855,Segment_A,1,50674.79241162315,50866.58966884663,49573.60919932431,50543.91197757678,51046.1145842708,50937.13909514151,53554.76433126126,47815.50297579572,50514.28363093047,52131.44875228058,43634.628055125184,47493.79669949231,55123.09493623597,52389.91470827773,58606.52025461876,43421.078867511875,52292.582162822415,35505.81978798965,61973.83032171142,50615.85732649948,45310.63322586823,48903.034194527405,52569.41353343057,52864.30786525451,60231.859435096674,60356.76534976862,50273.77395468923,40975.92269896575,34918.175914133,65343.235033480036,47967.77411111117,58304.13589975286,62825.54800535673,58031.15536816936,55330.21537362262,56422.85143950448,59290.56169626559,31845.51752469826,31171.166229082435,48144.337318511025,56904.872359840956,44897.7607742965,62702.34631034335,58939.374773652875,55076.15868394658,44074.59830789578,47216.999596975846,65182.06934293291,48909.69292259602,53552.32805739411,24388.024858588153
1.9808504874136106,Segment_C,1,29609.054512280116,29979.2886699204,30825.36722567921,29371.520505315966,30321.416835234086,28264.033697138446,29402.08209760078,30269.00610189881,29837.271492094034,33475.05930566452,28666.33620222279,27164.617426501838,35320.24753120496,28895.065551595206,33403.541592769514,21857.132681912888,14309.767732079841,22080.535327755326,34590.919640996864,28378.58723886233,33745.036314768615,26584.173158635404,34844.56346382418,38144.849496150884,27165.652347711097,29841.05029567168,29712.336980263666,13819.52328817292,18932.730881067924,46441.55471570548,23607.73709129527,33026.90599593267,20564.055258718,27019.895848688968,28914.9039119076,32388.375380656333,33021.62511397983,22738.648289194167,15449.25397746337,25848.534075177653,30049.25042366413,37907.23951047013,17121.444347903456,24128.13673998427,27503.74326574542,24942.00699429259,20084.39614982762,36557.150646096285,16653.93482139301,22632.11735779028,19931.13220054144
4.9533267652630295,Segment_C,8,45663.71489075086,45026.05957190537,44987.42098002785,46244.10425300844,46037.628899824864,44585.66228551201,45446.26109294808,43622.97729175801,45883.81280340673,48976.386037040334,45423.15043856912,41580.91820745291,50025.5173432303,48649.237338825755,39985.86758377479,41459.83863936744,51729.74388938341,50089.495714901124,46413.42048405285,40138.85583856806,42633.476900007576,46496.60684309566,50488.71065147423,46527.00269851535,52417.735278061904,52692.77575565063,43578.146284838636,44026.52820431327,46567.165515709334,43900.066841534455,53455.71400726876,39515.68224456005,38308.152817171,41194.69101052107,52302.38674689579,58740.1042478811,53970.410667422286,59695.59579291682,66341.68178817327,50247.70869902642,58040.81873774102,59297.48621108247,39816.62833575845,37356.170789404016,38019.139449853144,46422.78345902226,32026.037062736825,69291.63097955172,55510.5973251591,41278.02043426128,40654.76839681763
2.632273874302168,Segment_D,6,82757.00020976117,82682.30626833877,82495.61088250382,83469.74634787794,82081.18551051359,81486.66504218742,84307.6262212444,82416.15908043637,88528.87092607585,88013.32601319962,80674.26879201442,89173.74412951527,80969.1396152268,86800.6502340486,86259.21848673456,85622.86694154025,80268.982984636,89906.09334901524,89594.37328283198,74812.8432777072,82276.47327558411,83071.50760764426,86128.80270981615,97164.65802222921,82755.13087139568,84258.20235820978,93056.03936507384,79231.54617745397,88300.32318569365,69042.4477959723,84483.8241906812,82451.50133984545,79118.40422609365,87146.03582147487,70618.34656590216,83916.87785686582,80458.66247687662,80361.49436619892,68061.09068475738,78593.620391373,75218.42467835895,97256.23019279011,88459.50230017648,90391.53235778537,104730.74388617366,78935.65387635789,88074.99344448496,88183.511441128,85551.01826511073,60094.51957852388,109673.82231297121
2.6914580392618666,Segment_A,3,47133.811868736746,47329.03643760666,46776.99923348513,47504.578616311635,49542.62596851004,48386.2577706743,48369.70696485616,45504.57279189189,47380.87425004419,50993.080488107946,47552.062025701845,47472.950828325804,46373.20290116287,46341.30858537659,41254.27104745657,44642.545939317024,54393.800625236516,38398.64351453143,60485.958952639456,44216.94683474029,39006.73530760961,49491.94708485077,47126.82634878423,56971.07797789568,42620.76443335822,45943.836896963876,47842.6503100986,40006.843143520215,33915.896765901634,53333.678756410074,46454.696532482914,50612.484967541204,49219.02239680936,48878.06285036124,50036.95605909214,37848.212463416945,49171.68676994084,47584.84248240315,58544.131044640555,38004.87811599983,35668.68568467944,40593.56549745631,36138.58823759512,36523.96930409121,83984.62463247868,43791.90275795166,62151.029242662764,73929.3036933778,30587.148596310304,6788.316050315763,48471.86116248768
3.854121767029704,Segment_A,6,32912.499031223,33706.37442282652,33336.837202467614,34469.75366516158,33786.52081145949,35271.70908485096,32416.02171888064,32729.23238356028,32544.43861977896,29144.419900504156,39147.87792166338,35836.57081280724,39349.62119610191,36135.622747870046,31591.781484019193,40170.79261889864,27616.320667399974,30659.80239183236,37905.25368839662,35276.666885280385,28628.240491488006,33283.54827282602,32996.15594972635,32824.07708736023,31743.6990800066,34491.64449221368,30114.5301844902,35341.60960258583,19566.588055467273,24072.46036821814,31879.09462771022,34987.74392338001,48871.67875188625,28704.134914863153,13617.525944100751,47681.79515487142,33389.16331206967,32170.631359437793,45597.45944516279,12013.505207560669,41518.91978208291,27625.547315756845,13611.443766453205,27794.3147695336,41455.543659605704,44042.46901845161,37970.57751018651,36740.446449296156,33112.1891918358,17192.43953503312,41290.867827249545
2.6407030084102296,Segment_A,6,48021.18236452261,47359.579128113786,47781.58949898253,46453.0206782119,48192.46281121074,47955.66034182222,46448.899469164004,48757.28038544485,49213.0728461534,47194.115686139565,44285.99200581381,42975.16582081969,47502.926832910656,48151.22044727276,41520.37831621222,45745.645537747485,45279.853760535065,31765.211276375725,35977.38492291996,39650.5139098794,40789.78744215118,44608.01452896283,43555.37013211411,46835.15459656064,45870.982654132895,55780.48109873317,63015.62180442083,57305.738199557076,39925.3375496843,52586.23176981975,55245.804599048366,46555.10653793293,27436.974219700875,36712.10774721966,37506.711294267465,33048.93137556244,61854.24284636839,28608.259068474323,29622.878348212012,41709.31485151665,55424.351419596904,54596.3964487759,56338.45660168052,46233.26229114916,70866.94562181088,8640.50895185295,34668.737222752956,57685.194272791145,25435.166138034983,44138.02218042955,61161.17869819173
3.864720670348583,Segment_C,9,54624.46858695233,54855.65830245477,54168.488876913194,52991.23251697605,54065.99145454269,53099.99899246701,53389.040193387315,52402.31206996588,56780.89013625599,53969.072758009286,51684.95401414435,55946.10751959285,57758.858648010544,53249.595937331454,60090.45927177074,53108.78837006211,44449.327836705284,48017.35805839179,49368.78695385123,51927.70873644769,58326.27623548587,50875.2928007719,52279.07007757154,57399.69496302606,64123.5569341634,58662.392627792506,56367.37051573114,50409.516810473055,64675.451469378386,46139.97908024384,39794.069461489984,56541.9955291314,67419.42641081038,55603.78753788935,64709.7792526968,31424.35662774815,23896.65186497843,39033.07493030471,53961.41637315239,45687.825511835166,43457.977865878085,57717.620471597744,43635.77576934696,70823.55754771906,73371.06977577158,54165.330558239344,59824.82521647673,49542.082056269486,32070.071944788655,51163.00086860631,48215.15738982394
3.5676493678369443,Segment_C,10,42555.609869936634,42555.284137850074,41809.96115079916,42655.10894690735,41194.281006797515,44386.5778443184,43037.21628040297,42946.11904729233,38772.19160745779,45372.9756467014,44017.860930610645,44738.76542247484,48965.626908121136,35979.13515200068,49111.62480747471,52382.359121860965,46264.577932953696,46182.816125918864,40531.96631228899,40879.74429192377,37906.47628297442,37143.94560374621,48708.69867901247,57887.23623509608,47111.066488075616,21940.74075649981,35056.972228947445,41036.178784692886,46374.54884615555,32695.800845807018,52308.298540166645,52384.79010078056,46263.50350327436,25403.060111407085,29285.987859820198,35110.45593123513,35166.33127625622,46662.22216784165,34218.25533426984,36096.03969341887,29608.01123046843,39082.90883228011,40339.94913075962,56842.14923905668,53341.38440371417,19663.15678468502,37149.46783087829,30773.23126656266,56961.29364110458,73744.80019392485,53001.84239285662
3.2795667701536027,Segment_A,8,42764.81048898244,42809.403058239826,43295.955053127786,43231.16959157592,43936.561632418416,43268.16961683345,42994.7813872951,43348.768039855575,41127.744489545126,44740.847953372344,46851.406108888936,42655.647325735874,43539.42568150231,46857.61736400183,47056.72175385092,44108.94602367786,36266.888303628344,41206.5202854803,40624.89796782231,44283.4277109447,36425.11644309565,47192.00113470535,51124.831933766276,49562.63997672522,38658.94913242308,39038.237081035455,36202.63747605242,40460.4322563021,52029.326648083486,46113.5643027659,51218.290135309915,32631.967356784575,39296.14297265437,37494.97769071851,71592.16475816505,54025.649982446375,37062.23739968611,40879.18225343229,50303.24340269615,54255.355229789544,59273.21690094196,23085.672369712727,45147.16049843719,47480.814432379535,57139.26028573462,49863.36168858796,32375.87805832466,57119.862666775305,54735.9277560601,12080.94218514581,33367.03026607081
3.1419780291343344,Segment_B,6,64172.90634818381,64400.92961852559,63647.47071396784,63360.13069006659,62987.37808050196,63135.06837055296,67426.18434086302,64361.040922445834,66581.5916760639,64981.84774821177,67180.76733642514,68664.34162883923,71582.27445389045,62849.405670856235,61260.47754119316,64004.95508143789,64281.02928206062,58911.11312110492,70848.36918641193,58824.57963996842,59498.290808337304,67615.40680511402,79807.17237152717,54824.820018297556,50561.874159351406,53149.36254472988,66502.529455488,74631.05988198043,69931.30975140093,57907.9971179773,41304.720622114335,70744.3941394768,52147.79006837003,65278.439442838055,63970.75920200553,68438.1469498871,67657.89090223522,86457.93986169815,81631.0055185442,67105.49746994779,71444.17287711593,61947.24647947436,52597.35249927874,76431.61990896157,61851.5158016066,64390.66985722352,55343.72502658629,67273.58096940516,65774.65779839191,58890.41778638147,73485.12414145985
1.8725403373739957,Segment_D,4,60004.43692527274,60513.94097565159,60041.07545871312,59704.64884751275,58942.21900335845,60708.61547039962,60068.49689274332,63591.656899511894,59694.62974222645,59287.52618031176,62319.80440499323,57100.4715968602,65516.8082813136,63219.86503772446,59441.97428451229,59998.72000316854,64623.86930432213,56270.277621690395,50189.7727440786,59819.07638423634,61888.70318627602,65704.4521049363,37966.3868097504,60753.57434984003,63695.700770514006,53086.570387859814,65312.87292762525,80363.08857306716,64526.89645434241,77978.85070960595,50109.4264094439,63951.69463135669,58367.19229978291,63564.549927017826,67587.78052903777,71221.8516446944,48101.48572985435,39586.05010499782,65626.09977553843,50187.56169036348,65184.47878671365,50401.63475804482,83664.55675498067,52916.00383008036,58349.441941276724,60578.78764277946,37084.114897308995,50331.84684900829,62816.116059929474,61251.98696807178,63808.58440668382
1.352454989193955,Segment_C,4,49929.51662843318,49744.77885086062,50274.740176554675,49420.429084639996,48249.253621369746,47709.62106290616,49174.13403690496,50259.89653423099,47126.97655987019,54260.06144518089,48795.39985475377,48711.381267352706,54123.75692266261,45153.27175414867,52023.684677247,50994.50042641988,51953.13875699311,51559.48567279311,56453.225069319335,45535.763860590865,63606.185466019146,54722.63903498428,49549.400255876106,45402.247819691336,61522.60240130559,62339.47736635756,64258.78682174299,52120.55023949139,34390.36752808333,53818.33569057293,55115.05563149741,28132.2123109573,30742.351093174864,52416.38461875506,45242.651739377034,30747.6703277644,50946.31066233821,61511.826767882914,44007.63028370441,46046.598619008466,43269.12271329679,45467.02882970172,47531.14976011877,61985.30314347491,69542.50653833279,54430.58670315412,55187.047672487206,55757.235535130094,31130.24155831578,36947.494639097495,49483.74733357756
1.8530055799138063,Segment_A,7,49171.47365583549,49152.779874990745,48540.364368631424,48554.45363419923,49623.04869011531,51051.167483911224,46119.18019200208,48999.46089205617,52037.2855908943,47549.784195945234,43221.289944971126,47838.8436773135,45072.41564885274,46315.05591521337,41123.003116302716,50272.29532340023,46399.04022461201,55013.94251229394,50000.620969787975,41442.327068229395,52651.063863015064,45318.36058269296,53460.1634127719,57816.849650983044,38246.66842790125,46631.19617109608,52516.68257090983,56636.6230337136,46043.88440507245,34747.612020337416,51222.05387545743,50388.33927768925,44380.21667066189,47879.601164388965,55986.724626889474,47992.3185173551,55336.36096236891,62032.67805171571,44803.90979504556,50440.1376039975,64896.65936349524,47681.66608988778,53938.367739798596,45658.01616255079,60089.39289864077,64670.140178566704,41294.54917021172,32576.2944824529,61731.97446402646,46185.685161868154,56635.39269066528
2.181261817368338,Segment_B,3,51756.246310418326,51697.04832980823,51569.87775625634,51574.67528351254,50926.782002842396,51884.68205471447,50680.379578757296,54809.71618969506,50448.74551141853,57756.316696981754,55209.9499251926,52566.21157740046,56989.411389863926,47563.150025312796,52688.944755574994,47129.109229487294,57512.25084583597,53456.69260163603,48286.84959492907,49197.49208570408,59742.58912849896,58179.616955838836,53703.13879199575,48292.670624497354,62877.84033612274,56398.99870872937,47986.770887428174,46313.08062852213,42248.25107440858,36831.3389508129,54704.84591238138,42003.2190399293,56801.14660898037,53598.580994792275,60008.62736992842,47758.94061973129,44554.09715373522,53961.797973624634,56628.90931273801,30986.003012907502,53699.08141977666,62260.48339688075,57401.733382663,54073.3658665063,53447.37061469904,46218.146821500646,54049.37682068082,45194.21578600952,40276.59282947266,66641.30843705211,35399.946360621485
4.468223895434338,Segment_D,2,44799.37397252095,44611.20449452212,45124.5976170176,44657.52950416752,44568.829304873216,46712.80084266241,42126.540166449806,44655.571596858776,48122.188775765295,46687.6535258782,41077.04440099584,48730.91028709309,36957.200448333184,48536.58015456079,42884.48985826713,44532.64503584241,39320.81637511138,47912.08397115505,52344.85191937602,47371.26852691765,51544.46983391237,40733.15699530487,43377.97648209183,42013.635252788976,44591.679070437596,40805.828863912124,46380.192109149735,53998.47954320091,43493.602165737306,34714.96926789294,42035.40056298193,47160.57268570826,32792.54892048805,59760.61234351606,37267.110039272535,53416.08762226913,36072.039149499564,43154.603325862794,26596.847571612212,51066.09065619887,44335.63688350505,41685.72962449125,43843.204574362026,53127.92269150273,25119.776940428084,39705.110136680596,33055.08523839763,29785.6633588946,34871.08793293014,43579.59827448216,53610.37030260763
