ClientID;Age;Anciennete;FactureMensuelle;reclamations;satisfaction;Churn_Y
CUST_00001;56;11;20.023752357588457;2;3.9957613794301357;0
CUST_00002;69;85;38.547290957672246;3;3.5527948810693664;0
CUST_00003;46;26;58.39638899197257;3;2.803911272735488;1
CUST_00004;32;63;113.25899094252529;3;3.6966219927980397;0
CUST_00005;60;89;27.002970574747103;5;2.8193373010975904;1
CUST_00006;25;86;20.948543362849808;1;4.469973744349867;1
CUST_00007;78;59;25.26838359772286;4;3.0723450363163844;0
CUST_00008;38;27;28.854341061361815;0;4.789824164766077;0
CUST_00009;56;49;23.759677320626086;7;1.7023120404522276;1
CUST_00010;75;77;67.97813268565048;2;3.7239792931198803;0
CUST_00011;36;33;78.07572072273277;10;1.0;1
CUST_00012;40;98;47.16869710690041;4;3.3652600525552185;0
CUST_00013;28;105;59.828738397563555;1;4.280120423332236;0
CUST_00014;28;99;29.169933511143014;6;2.0033421080029097;1
CUST_00015;41;1;53.63704638284221;1;3.9951982381560356;0
CUST_00016;70;21;72.2519191634523;0;4.519873770985791;0
CUST_00017;53;112;93.22718071846451;4;2.5843344591853663;1
CUST_00018;57;55;20.334636204297922;5;2.9372778285855414;0
CUST_00019;41;6;66.73107665376526;3;2.984512234419864;1
CUST_00020;20;92;49.70028764548822;3;3.305245759564296;1
CUST_00021;39;81;105.28218216919014;1;4.466239304922998;0
CUST_00022;70;69;91.55533152342419;3;2.9142980864595223;1
CUST_00023;19;95;78.9108534470895;6;1.9507712204590362;1
CUST_00024;41;5;47.72656456967736;1;4.436454313175861;1
CUST_00025;61;102;111.03391020575343;2;4.166350276600974;0
CUST_00026;47;3;24.510067722032318;0;4.858890351667351;0
CUST_00027;55;53;30.946759867911517;8;1.1912020398196064;0
CUST_00028;19;23;59.16301405403561;0;4.820703764739951;0
CUST_00029;77;101;32.443755729685634;0;4.774236925124972;0
CUST_00030;38;53;115.6415697559425;3;3.774860274243686;0
CUST_00031;50;37;99.79893221433834;4;2.677069327761396;0
CUST_00032;29;74;45.89826516018137;5;2.189635600240563;0
CUST_00033;75;74;78.85542289732453;4;2.6031518232278765;0
CUST_00034;39;83;118.23305150800816;0;4.872431848635716;0
CUST_00035;78;17;108.4198978131503;1;3.69669887261124;0
CUST_00036;61;85;80.0798446442198;6;1.9277211705259196;1
CUST_00037;42;78;110.37239671752705;1;3.702471377623135;0
CUST_00038;66;73;118.91849098133589;1;4.152839495469336;0
CUST_00039;44;110;94.33528228936241;2;3.7630451389163024;1
CUST_00040;76;1;26.498640948289403;2;3.415463481315105;0
CUST_00041;59;51;60.15802364254875;12;1.0;1
CUST_00042;45;45;103.78257352832455;1;4.079125963365114;0
CUST_00043;77;77;43.0569195805019;0;4.163615764368775;0
CUST_00044;33;4;103.06425177506246;0;4.169807436930428;0
CUST_00045;32;62;32.033876203499595;3;2.843867143657631;0
CUST_00046;79;65;24.694535714781303;3;3.101727406469453;0
CUST_00047;79;113;58.40906114912496;8;1.5922293705602715;1
CUST_00048;64;104;23.67319374266136;1;4.5797196851054185;0
CUST_00049;79;32;115.72702629833256;2;3.7205842013728985;1
CUST_00050;68;34;102.62056957939659;5;2.4862961343774446;1
CUST_00051;61;92;100.07696871298751;4;3.1597374155010685;1
CUST_00052;72;95;82.97779229961532;10;1.0;1
CUST_00053;69;72;41.632402303655354;0;4.413791833809491;0
CUST_00054;74;39;71.82603666763922;1;3.8357443259758583;0
CUST_00055;20;26;79.7274072430341;2;3.2068458964098396;0
CUST_00056;54;34;72.50315008602682;2;3.4416973827894815;1
CUST_00057;68;54;46.02333679515273;2;3.406367585744419;0
CUST_00058;24;118;71.52479243147259;0;4.383539121771203;0
CUST_00059;38;3;69.11863408686266;0;4.014077341029982;0
CUST_00060;26;50;119.63357758067242;0;4.36004361488543;0
CUST_00061;56;12;109.74361480462039;2;3.339746713600296;0
CUST_00062;35;65;66.33807482156199;1;3.654215353759044;1
CUST_00063;21;54;82.29373829351186;1;3.670141499499439;0
CUST_00064;42;108;94.78716040922285;3;3.4185846562166433;0
CUST_00065;77;5;23.486516023382492;0;4.921337941685741;0
CUST_00066;31;94;109.49214412278398;4;3.228126297460753;0
CUST_00067;67;94;106.01268164179238;3;3.7407766946033925;0
CUST_00068;75;57;65.74320977737074;2;4.09460306517086;0
CUST_00069;26;17;59.11697660803798;6;2.415348754106302;1
CUST_00070;43;112;47.2959374856315;1;4.258905683412598;0
CUST_00071;70;47;67.66768283303685;2;3.6564603534249245;1
CUST_00072;19;23;24.437666353323678;6;1.8883179406449138;1
CUST_00073;37;79;105.21935333470077;4;3.189072663893488;1
CUST_00074;45;101;23.542236841854507;5;2.3274775957618608;0
CUST_00075;64;85;52.9051365369871;3;3.09574092549758;1
CUST_00076;77;14;113.158948831899;11;1.0;1
CUST_00077;24;66;93.52126545234528;0;4.096382130201289;1
CUST_00078;61;75;48.13909605775268;1;4.489005186078189;0
CUST_00079;78;51;45.26490939608851;3;3.6228785423975802;0
CUST_00080;25;103;20.508213981802598;8;1.371335175610515;1
CUST_00081;64;38;89.57142928497501;4;3.273287264765761;1
CUST_00082;52;64;24.87835816731731;0;4.433703856275913;0
CUST_00083;31;98;73.26025194007622;5;2.6015995333905755;1
CUST_00084;34;38;116.21219725920498;0;4.715404205464082;0
CUST_00085;53;50;30.94688600544539;0;4.830010186982363;0
CUST_00086;67;98;109.44799309680674;3;3.4646617616517896;1
CUST_00087;57;82;119.14753351450481;1;3.9920406491676577;0
CUST_00088;21;30;26.151702623923505;4;2.8242147891105884;1
CUST_00089;19;79;108.29062691374612;1;4.436375999789766;0
CUST_00090;79;91;71.60790204436167;0;4.875080189259367;0
CUST_00091;23;51;110.651371944458;3;3.773323237391127;1
CUST_00092;71;63;77.13189419195741;6;2.5875744062060675;1
CUST_00093;59;98;86.21120101065647;2;3.320189564280315;0
CUST_00094;21;52;74.37789079973993;7;2.15491114399461;1
CUST_00095;71;38;106.44928803073485;6;1.8687788901267535;1
CUST_00096;46;97;93.39099189537018;0;4.128014903755043;0
CUST_00097;35;88;72.12603121804149;4;3.3019421514375424;1
CUST_00098;43;79;106.8160804051547;3;3.363698576166982;1
CUST_00099;61;30;44.52855322553346;2;3.2376970168257238;0
CUST_00100;51;119;35.7340659702526;1;3.7658613394764147;0
CUST_00101;27;106;36.040010533007205;2;3.710295968142145;0
CUST_00102;79;51;53.40088787452379;3;3.037428887208447;0
CUST_00103;53;81;43.86900313010175;6;1.766622375568336;1
CUST_00104;31;5;113.00903505097386;11;1.0;1
CUST_00105;48;29;30.5834093828584;0;4.107847083130039;0
CUST_00106;65;4;89.89907380395877;4;2.929526680322843;1
CUST_00107;32;10;38.92215397850059;0;4.47219263644117;0
CUST_00108;25;56;108.16371327703501;5;2.000292362178169;1
CUST_00109;31;17;116.13152881849074;1;3.7566970338478383;0
CUST_00110;40;74;66.54700087699835;1;4.238229994227019;0
CUST_00111;77;17;107.90714802281316;2;4.1896544035273005;0
CUST_00112;74;84;20.514517075471478;5;2.373825926206105;1
CUST_00113;79;88;101.99469174081001;4;2.696086573871892;1
CUST_00114;57;69;42.86251615249235;6;1.94919730985662;1
CUST_00115;38;34;110.87013092693678;12;1.0;1
CUST_00116;33;6;20.11201114801095;3;2.9370289726678553;0
CUST_00117;62;53;75.6181735039757;3;3.351168306819351;0
CUST_00118;35;66;95.66358037849346;5;2.937142512527619;1
CUST_00119;64;77;45.868833069790796;3;3.323941230498003;0
CUST_00120;70;107;39.31328645872931;9;1.0;1
CUST_00121;41;43;28.409822446798465;0;4.392290191772996;0
CUST_00122;43;112;52.6433576503293;7;1.661862932289115;1
CUST_00123;42;75;75.98443123088295;11;1.0;1
CUST_00124;77;115;31.584385678025768;2;3.906238126972614;0
CUST_00125;77;111;57.66953619867988;1;4.32265323827537;0
CUST_00126;77;23;20.907240465272498;12;1.0;1
CUST_00127;62;55;101.86794204998418;0;4.839396853570351;0
CUST_00128;58;80;32.84487180931914;1;4.259314576425198;0
CUST_00129;46;95;48.334294826558164;5;2.6760207252899004;1
CUST_00130;32;75;21.842771873821746;3;3.212867198415799;1
CUST_00131;62;118;63.22407838925123;5;2.9333176996369756;0
CUST_00132;18;16;104.01215027412188;6;1.7703313197349044;1
CUST_00133;42;8;59.21512114451966;1;4.037621619615598;0
CUST_00134;24;4;37.94973234238334;1;3.9291733192240645;0
CUST_00135;26;104;95.36988340505192;7;1.496906096240567;1
CUST_00136;41;4;98.88069818707443;2;3.9085158631574637;0
CUST_00137;18;56;37.375347530756684;3;3.3296284326151335;0
CUST_00138;61;25;97.08541085409898;6;1.6437540441303324;1
CUST_00139;25;67;114.7297888256338;2;3.433294762003185;0
CUST_00140;41;96;36.637758693227234;1;3.6304431247768143;0
CUST_00141;28;67;97.09842925321355;1;3.8537456548537112;0
CUST_00142;68;27;90.85720046026293;0;4.824399860291482;0
CUST_00143;34;93;67.35738884350886;0;4.935464116155324;0
CUST_00144;25;32;25.79204605587983;5;2.4223385632803365;0
CUST_00145;52;50;27.469441775785402;0;4.64218672029739;0
CUST_00146;52;61;105.24146591986477;1;4.324542089861829;0
CUST_00147;50;51;119.0148372750647;1;3.7927890035745824;0
CUST_00148;76;19;87.60522571867544;0;4.633006732918052;0
CUST_00149;22;21;64.59583070103216;3;3.482999030265696;0
CUST_00150;59;5;84.75736434019076;5;2.1500124068309896;1
CUST_00151;56;82;79.43958592285453;5;2.1537126635135397;1
CUST_00152;75;92;58.36122604056218;3;3.443633362244943;0
CUST_00153;58;42;26.562614457401295;12;1.0;1
CUST_00154;45;61;102.15129474074409;0;4.149221509667339;0
CUST_00155;24;22;57.18335292387246;6;2.1760694649703334;1
CUST_00156;26;21;101.87856433570937;1;4.533526869790828;0
CUST_00157;25;70;45.25087496883822;1;4.5984153555336595;0
CUST_00158;29;1;20.10294798456334;1;4.076707537111004;0
CUST_00159;51;5;35.89382832767565;4;3.055924506629644;1
CUST_00160;50;105;66.85394167685843;4;2.402868105841634;1
CUST_00161;65;12;114.43036349578298;5;2.2275890003727157;1
CUST_00162;72;90;30.2193619693719;0;4.238724543649587;0
CUST_00163;40;46;105.4209774461566;5;2.0447572317126563;1
CUST_00164;79;34;72.7024096211862;0;4.1122756021066795;0
CUST_00165;41;49;102.59207657998967;2;3.8818125205436114;1
CUST_00166;54;78;49.83744309899926;7;2.0340127783961233;1
CUST_00167;52;90;103.99471646724719;3;3.054107734934518;0
CUST_00168;61;45;97.28227800168045;2;3.821726106317127;0
CUST_00169;57;27;43.00536830314339;9;1.0;1
CUST_00170;39;73;33.13351264093781;8;1.169602268725173;1
CUST_00171;44;26;106.80543225322928;1;3.692127323064759;0
CUST_00172;52;47;116.3236653440132;2;3.7809122463290343;1
CUST_00173;18;86;23.130231374751624;1;3.816683109780638;0
CUST_00174;52;111;93.12700669736856;0;4.7316602087253425;1
CUST_00175;54;56;110.95245109478184;2;3.5020282090763866;1
CUST_00176;64;94;105.73600920924986;5;2.9984205789220884;1
CUST_00177;31;107;116.45204722702086;9;1.0;1
CUST_00178;20;63;96.00940784380971;3;3.769620420045537;0
CUST_00179;18;48;64.22987623809102;3;3.0872462452374156;1
CUST_00180;22;61;51.19519904951304;5;2.953741810738716;1
CUST_00181;43;81;52.07427404381274;2;3.9337543006059965;0
CUST_00182;72;26;92.4422672614117;3;3.3027975964434466;1
CUST_00183;31;36;94.58370120309642;2;3.780061314651762;0
CUST_00184;56;1;40.03591435487127;6;2.408163885398989;1
CUST_00185;44;8;106.8122813490531;0;4.666185088290763;0
CUST_00186;26;113;91.49240402022477;2;3.472293629939033;0
CUST_00187;32;99;76.27502863433827;1;3.9307429074203513;0
CUST_00188;32;52;67.15324601025128;8;1.7281854162360841;1
CUST_00189;43;79;74.32328057899582;1;3.852684174427113;0
CUST_00190;59;47;35.92457382792645;3;3.7469541188029716;0
CUST_00191;77;56;40.370124927627415;2;3.6570736109002158;0
CUST_00192;30;86;29.116449040619166;2;3.9399372519578097;1
CUST_00193;68;14;35.36580381611127;6;2.0123098724401807;1
CUST_00194;49;90;65.36936346052826;9;1.138671604059098;1
CUST_00195;56;28;73.0354393728256;6;1.6150420303741686;1
CUST_00196;66;87;21.78618924783194;2;3.8902718162724685;0
CUST_00197;69;78;99.67978278640275;12;1.0;1
CUST_00198;78;88;49.41679733434779;1;4.321534709084654;0
CUST_00199;49;2;111.18360349599111;3;2.9035271427407046;0
CUST_00200;21;109;116.75112636137777;1;3.963781171330655;0
CUST_00201;47;26;38.54588746766544;0;4.2693159025792236;0
CUST_00202;54;14;66.20972907656606;2;3.2819894899056496;0
CUST_00203;40;59;20.123183516642587;7;1.2881275151549922;1
CUST_00204;56;56;79.83272651224269;4;2.661054153421272;1
CUST_00205;62;115;80.73064482626712;0;4.802175571158677;0
CUST_00206;32;7;44.753995560337515;1;3.7566266793249943;0
CUST_00207;60;3;75.84126725831979;10;1.0;1
CUST_00208;46;111;42.55401424437355;3;3.0571011859015678;0
CUST_00209;53;23;36.08254690781901;2;3.5143969334551257;0
CUST_00210;30;110;85.15194668022647;5;2.2411111498595533;1
CUST_00211;49;107;52.59254639520749;2;3.6673143192861843;0
CUST_00212;24;111;79.02639388856224;5;2.3612738177507806;1
CUST_00213;76;109;63.32467489716556;7;1.2466799195657443;1
CUST_00214;68;18;118.4351407402904;2;4.098911405825786;0
CUST_00215;39;38;34.95806426675658;3;3.49115272521838;0
CUST_00216;45;99;66.45985966358101;6;1.9886429869016173;1
CUST_00217;19;115;88.04566263593253;1;3.63594586986851;1
CUST_00218;59;15;59.55450838799687;1;4.504425552337398;0
CUST_00219;62;64;117.46998518706899;3;3.7774507784699134;1
CUST_00220;79;89;92.18876279269351;7;2.1442504015296717;1
CUST_00221;74;119;85.69838575644931;8;1.747594313538801;1
CUST_00222;70;101;95.70592676112233;2;3.2921841422225957;0
CUST_00223;23;28;115.2648638038717;4;2.6787420920661753;1
CUST_00224;45;74;110.78186529846401;0;4.322893633803722;0
CUST_00225;45;39;92.42853081264118;12;1.0;1
CUST_00226;61;57;94.9161639101283;1;3.8180473830278476;0
CUST_00227;61;17;34.59220740351455;5;2.844352007238409;1
CUST_00228;37;103;30.279240449266567;4;3.0080588102115624;1
CUST_00229;47;86;77.09045018441643;2;3.709995749235657;0
CUST_00230;79;90;21.836763694054;2;4.089590502323274;0
CUST_00231;28;44;68.23563815515917;1;4.180486290662483;0
CUST_00232;75;25;41.034957991886856;1;4.283498220737379;0
CUST_00233;72;17;54.601656764483955;2;4.164417854206538;0
CUST_00234;45;13;97.5804735792956;1;4.463264597270764;0
CUST_00235;42;84;114.12375042323865;1;3.8359631768325277;0
CUST_00236;56;25;27.24162721463415;4;3.3819620904953553;0
CUST_00237;79;68;73.4242205976445;8;1.0;1
CUST_00238;50;10;108.25334858196;1;4.513575367552762;0
CUST_00239;18;67;28.25085344404213;3;3.0007619057965416;0
CUST_00240;74;105;102.45140468968339;12;1.0;1
CUST_00241;44;109;55.78013509282714;3;2.8588644151495526;0
CUST_00242;79;18;52.209470221933536;7;1.3325229765040272;1
CUST_00243;74;111;117.74663863147858;7;1.9124499605745564;1
CUST_00244;69;100;40.08590898622941;2;3.8669128686615233;0
CUST_00245;30;111;89.31939408226809;2;3.773454301389924;0
CUST_00246;58;86;102.14407280098665;9;1.260703310592899;1
CUST_00247;20;34;24.118349527927165;8;1.7777275449327758;1
CUST_00248;56;111;87.03854583544123;7;1.330878385718965;1
CUST_00249;23;8;115.15499743553269;6;2.0458712837895434;1
CUST_00250;25;40;32.42199667280593;1;3.991277057821783;1
CUST_00251;44;113;109.62213026850382;10;1.0;1
CUST_00252;26;108;79.4776637376936;2;3.5348798218863844;0
CUST_00253;79;83;81.66045818624741;6;1.9091464956601862;0
CUST_00254;54;42;81.29441748656059;8;1.0130313515632576;1
CUST_00255;50;41;49.883588633731385;3;3.683651550142596;0
CUST_00256;68;101;113.52018152994597;3;3.439837846786208;1
CUST_00257;59;6;114.73504626310387;2;3.231792072296634;1
CUST_00258;61;52;82.53046602139477;7;1.2770699218993933;1
CUST_00259;41;26;98.34227259416147;1;3.715924703689815;1
CUST_00260;32;64;81.2257985881158;3;3.347911489661027;0
CUST_00261;76;98;68.43984475740406;1;3.742807046413194;0
CUST_00262;71;59;86.08201182992507;3;3.7516041180542343;1
CUST_00263;49;56;75.30014525919584;4;3.2514825757428825;1
CUST_00264;49;59;79.747586263193;0;4.586032301515946;0
CUST_00265;41;109;98.3832553418862;2;3.716607933317874;0
CUST_00266;58;70;68.09038314489848;0;4.736492846479143;0
CUST_00267;69;101;24.075410609247278;6;2.2435233291522123;1
CUST_00268;66;33;36.39994809894972;2;4.037223898974632;0
CUST_00269;79;53;63.860721648953835;0;4.510865968284093;0
CUST_00270;66;22;92.48265598740583;4;2.6061567071321385;0
CUST_00271;75;21;79.32786483101788;3;3.1386396063386943;1
CUST_00272;69;70;85.02941858734539;3;3.6922077526344586;0
CUST_00273;29;70;67.92789285762873;2;3.712418396603284;0
CUST_00274;79;119;81.57420219422428;2;3.502353617220275;0
CUST_00275;56;112;52.90174378146622;2;3.670104703446059;1
CUST_00276;19;4;67.01825926966652;5;2.608324403464451;1
CUST_00277;20;94;94.42790655949555;0;4.378085578716122;0
CUST_00278;66;75;107.18327789731212;1;3.631361334699724;0
CUST_00279;54;62;63.36553339563889;6;2.5050920902339215;0
CUST_00280;66;62;24.366165770736117;2;3.8099839392524393;0
CUST_00281;73;94;36.167254414680265;0;4.593394146953904;0
CUST_00282;34;95;22.08611392915381;2;3.6230326895316294;0
CUST_00283;76;24;85.32630192373301;0;4.847825398118082;0
CUST_00284;66;55;53.23146253551089;0;4.823356970129531;0
CUST_00285;19;9;74.24786357193675;0;4.714638614002145;0
CUST_00286;19;119;69.32768467837997;1;3.64412995673148;0
CUST_00287;45;3;28.152648955242668;1;3.865891418769097;0
CUST_00288;71;115;60.32613611238318;1;3.9383066983084962;0
CUST_00289;40;31;42.05611249223233;0;4.183042312605738;0
CUST_00290;54;40;61.83997886676527;5;2.872423531083307;1
CUST_00291;49;101;40.35782803422427;0;4.140667180276249;0
CUST_00292;50;36;104.04524062769335;8;1.2051672861124958;1
CUST_00293;18;24;37.41933365782536;0;4.6646709925410645;0
CUST_00294;36;95;116.0780551486977;1;3.7841447442543092;0
CUST_00295;79;6;61.59073661469408;6;1.7974354656513756;1
CUST_00296;19;66;104.62452920190493;0;4.154291418283273;0
CUST_00297;70;84;82.8764818205945;3;3.6844820998930174;1
CUST_00298;61;92;93.53502986657526;0;4.030638755004224;0
CUST_00299;43;75;96.77238880667802;4;2.4403738462102686;1
CUST_00300;49;4;70.48448818930177;2;3.8425303544982587;0
CUST_00301;23;79;74.33005233632883;2;4.13410598178808;0
CUST_00302;49;6;71.3995867808725;0;4.832944330531214;0
CUST_00303;72;118;78.80583780900793;0;4.007169174555303;0
CUST_00304;21;113;22.93944457565073;0;4.436987056828337;0
CUST_00305;72;94;59.551516984901525;2;3.843378201173948;0
CUST_00306;28;102;80.61887135611715;3;3.511797306149961;0
CUST_00307;73;51;79.77235652558643;0;4.743008264689053;0
CUST_00308;76;62;99.29560946056316;4;2.735847234945518;0
CUST_00309;34;57;85.50093388321085;4;2.980612168480314;0
CUST_00310;55;66;119.21333163406723;1;3.6345893006313883;0
CUST_00311;41;79;48.385452860864504;3;3.1161569693546385;0
CUST_00312;22;75;55.915102966623145;2;3.407955408951039;0
CUST_00313;69;8;58.38471518677963;1;4.30725845141684;0
CUST_00314;51;26;66.58128070202486;5;2.920813590891374;1
CUST_00315;23;51;103.59980637812095;6;2.1121771626181185;1
CUST_00316;39;45;43.579209395920984;1;4.285418453453772;0
CUST_00317;28;44;97.60002070354295;3;3.597916834992076;0
CUST_00318;65;5;60.53101830857434;2;3.247357869199139;0
CUST_00319;33;70;80.18553836620086;2;3.75601178565797;1
CUST_00320;50;26;83.25405332263061;4;3.2252914079512145;1
CUST_00321;26;118;57.28486371889345;1;4.4013493473188605;0
CUST_00322;77;68;71.26152052058052;0;4.719290257535406;0
CUST_00323;76;19;61.3031174647697;12;1.0;1
CUST_00324;23;84;26.913278618661945;3;3.5319884994804025;0
CUST_00325;33;97;63.71653888168265;1;4.271198195421546;0
CUST_00326;46;20;29.73933925535522;4;2.7406718720159984;0
CUST_00327;20;113;60.50207990803215;2;3.9060386235897018;0
CUST_00328;37;12;79.29183998317819;4;3.1841957489403065;0
CUST_00329;77;47;77.94148993435007;2;4.041362813350402;0
CUST_00330;76;1;86.26212790083204;2;3.887317334972208;0
CUST_00331;53;90;29.526150795462627;6;2.494084310371226;1
CUST_00332;36;14;85.21232455304379;2;4.181353413585217;0
CUST_00333;43;64;51.214805669644704;0;4.195358302665323;0
CUST_00334;20;38;59.90459461371111;3;3.662105057585423;0
CUST_00335;36;37;105.79862539227058;5;2.224023150184758;1
CUST_00336;37;11;20.903040412955026;6;1.80245752101334;1
CUST_00337;49;100;78.84126333406054;7;1.6620804736707566;1
CUST_00338;24;77;79.87139801001075;12;1.0;1
CUST_00339;69;107;59.665977634356196;5;2.8549672662501115;1
CUST_00340;58;3;43.702785710833616;2;3.463194893279001;0
CUST_00341;50;33;43.467403826155106;9;1.0;1
CUST_00342;57;6;108.37096696607526;3;3.1445465435064355;0
CUST_00343;56;50;64.20243737828575;2;4.1913309101548695;0
CUST_00344;35;10;53.08893629891719;0;4.072482984292176;0
CUST_00345;57;5;64.8777573831403;0;4.93370981255345;0
CUST_00346;18;23;86.93904014593613;6;2.233194114859994;1
CUST_00347;28;10;34.57565682447517;1;4.197288350348299;0
CUST_00348;45;44;64.94338352137376;1;4.59864447550205;0
CUST_00349;74;2;78.78843711103869;2;3.702910690649203;0
CUST_00350;42;13;114.85833548514337;1;3.8471910054889897;1
CUST_00351;67;40;45.25277820754192;2;3.376731346885228;0
CUST_00352;40;2;55.92507479162455;3;2.9206030066941153;0
CUST_00353;48;84;57.93585899224238;3;3.3122811316846303;0
CUST_00354;47;65;80.55381576448829;12;1.0;1
CUST_00355;59;63;55.67320530400016;0;4.920480286703501;0
CUST_00356;52;101;73.35119252996955;1;4.11196177571825;0
CUST_00357;24;73;98.17903298450294;4;3.2451842451282644;1
CUST_00358;77;17;90.53855941122036;3;3.4303568823774784;1
CUST_00359;33;9;64.63686465125855;1;4.2706946871354;0
CUST_00360;43;75;106.42161776741689;0;4.576459422758492;0
CUST_00361;65;15;75.81402495938629;3;3.2283633820258673;0
CUST_00362;74;24;73.99058395022125;0;4.097123352937004;1
CUST_00363;69;38;23.41877659391582;2;3.805515368652495;0
CUST_00364;77;119;118.66929803571615;2;3.2188688042884497;1
CUST_00365;66;35;32.29708085296267;0;4.240971951948797;0
CUST_00366;19;94;43.11309124276466;4;2.8885189532116167;1
CUST_00367;18;95;25.169683724152698;8;1.1559735628880556;1
CUST_00368;65;49;84.00029668369137;0;4.897775828868055;0
CUST_00369;79;69;42.470117697267995;10;1.0;1
CUST_00370;29;62;38.00104374727235;0;4.417642544936034;0
CUST_00371;22;60;28.855558422324137;7;1.213932519790398;1
CUST_00372;54;108;30.330895712401567;4;2.763571256247151;0
CUST_00373;49;50;78.46707004425888;5;2.165888416733675;1
CUST_00374;76;78;88.82078658665954;1;3.80023725720476;0
CUST_00375;72;117;59.7378988464401;2;3.8545388485317313;0
CUST_00376;26;75;67.98970815920732;2;3.9403893747667884;0
CUST_00377;58;9;88.59677359829841;6;2.1695064165684896;0
CUST_00378;52;34;21.737979018547964;4;2.932758655591163;1
CUST_00379;36;76;52.31306570702785;7;1.9599152980633558;1
CUST_00380;65;99;117.30977480703464;2;3.305402126649028;1
CUST_00381;33;35;78.01122296954681;2;3.6574521376993543;0
CUST_00382;20;1;45.422457989749326;1;3.62155560784643;1
CUST_00383;37;40;72.17300466362131;1;3.7899822219537365;0
CUST_00384;41;64;54.26534881209153;2;3.644295139608054;0
CUST_00385;71;22;73.22449888262992;0;4.052959721855641;0
CUST_00386;73;60;32.574151180664884;2;3.6951251849046933;0
CUST_00387;50;64;33.27146538192774;1;3.7128934874813293;0
CUST_00388;41;93;34.35423620393929;1;4.2418552188041945;0
CUST_00389;69;72;113.98197919268418;0;4.621357616595906;0
CUST_00390;28;11;93.28989183413418;0;4.581869317029069;0
CUST_00391;66;105;36.238189466232086;2;3.653374354056754;0
CUST_00392;25;101;38.83490837656014;3;3.2465097298011756;0
CUST_00393;53;14;93.08294748708764;1;4.1036010783229155;0
CUST_00394;55;60;35.616384479217395;3;3.4939990264168324;0
CUST_00395;57;30;43.45612933348286;2;3.272793535209169;1
CUST_00396;37;35;116.3346832820399;5;2.4114139026507457;0
CUST_00397;79;85;45.53065247284319;6;2.192260783808405;1
CUST_00398;52;37;86.16323503711467;2;3.5488230392563818;0
CUST_00399;65;5;117.86312874005304;1;3.8320332421901946;0
CUST_00400;79;83;57.42967671397926;0;4.039271911771757;0
CUST_00401;42;78;21.751599086206223;1;4.100450837732417;0
CUST_00402;52;26;44.414729042237425;2;4.087901489649242;0
CUST_00403;42;62;103.08771913417054;0;4.559234198563459;0
CUST_00404;46;4;106.46088359550367;0;4.521029438546528;0
CUST_00405;35;89;96.85193645237912;2;3.3030059218143264;1
CUST_00406;63;109;31.3109819076573;3;3.405199231537047;1
CUST_00407;35;42;99.55103716964031;6;1.6466757351128614;1
CUST_00408;19;89;111.86777969935042;4;2.914868092285665;1
CUST_00409;71;18;80.06095425462361;5;2.026219499021071;1
CUST_00410;52;40;114.08753563380648;9;1.3918016788690377;1
CUST_00411;33;72;102.68388837118775;0;4.101184625193653;0
CUST_00412;78;39;86.69715169909072;1;3.668879548056649;0
CUST_00413;58;104;77.71852367117481;0;4.038979064234787;0
CUST_00414;53;14;54.85736672419705;5;2.9869234658253854;1
CUST_00415;50;32;35.92874452428052;4;3.228299163449691;0
CUST_00416;21;51;80.49539226905408;0;4.346235496906764;0
CUST_00417;50;38;51.81115536181195;6;2.5745273082648925;1
CUST_00418;31;97;106.64386675276454;5;2.9363910038234993;1
CUST_00419;38;23;119.33369373586285;1;4.378921126306558;0
CUST_00420;65;63;95.24277626155725;1;4.0875602312561155;0
CUST_00421;37;15;29.048169528705074;6;2.0540974407331922;1
CUST_00422;73;97;48.86855955306381;4;3.3657388772064953;0
CUST_00423;25;25;30.910963176574974;2;4.029632749218469;0
CUST_00424;24;17;85.05116477917157;1;4.100294326665344;0
CUST_00425;20;97;96.51908645557846;4;2.8060593790565944;1
CUST_00426;34;111;112.56748308807119;3;3.6515983035137847;0
CUST_00427;50;119;63.817234641198766;6;2.201158588053029;1
CUST_00428;65;66;110.13756495884444;1;3.6955985634830473;0
CUST_00429;29;78;107.78911590413276;2;3.2011007129538283;0
CUST_00430;76;53;51.71957167653986;0;4.0127855451688585;0
CUST_00431;68;104;106.8900625540571;3;2.918325489713127;0
CUST_00432;39;104;57.56722518817265;7;1.805339912050054;1
CUST_00433;72;51;49.68692745602808;1;3.9134257079252155;1
CUST_00434;39;39;84.90746587943931;4;2.9834077722158012;1
CUST_00435;63;51;52.83812278850811;2;3.5514729731757972;0
CUST_00436;47;70;83.02087483291442;2;3.890567529030517;0
CUST_00437;55;6;80.98318054986945;1;3.9937977463896677;0
CUST_00438;55;67;76.34389273484588;0;4.4762415034471505;0
CUST_00439;62;7;58.04197042327977;6;2.5755197341867997;1
CUST_00440;68;51;74.84997216514768;4;2.6092970962538864;1
CUST_00441;71;72;79.64854749854216;6;2.588102167754844;1
CUST_00442;25;42;74.56868884954734;6;2.306844057746698;1
CUST_00443;44;64;64.44194527512016;8;1.7940759345459973;1
CUST_00444;44;116;21.46670570462638;7;1.8237985867048017;1
CUST_00445;51;15;78.7061707701151;3;3.7368394718358604;0
CUST_00446;38;111;36.844438514271964;12;1.0;1
CUST_00447;47;29;84.25759689471896;5;2.5843207048371313;1
CUST_00448;50;33;95.9344327922866;3;3.34050422513559;1
CUST_00449;45;116;70.04453091307414;3;3.450149763909145;0
CUST_00450;64;94;74.23636649797383;0;4.372493845798234;0
CUST_00451;50;103;115.14785596659911;0;4.215591883381796;0
CUST_00452;22;27;104.71673613725741;3;3.151853256951022;0
CUST_00453;77;36;111.42365159514699;3;3.0517928816048725;1
CUST_00454;78;29;101.37662883195864;2;3.29402633649074;1
CUST_00455;65;38;30.891834184673144;0;4.136453468328571;0
CUST_00456;36;57;34.89918559701947;3;3.125941547246304;1
CUST_00457;21;97;72.66237972689595;1;4.385362037095571;0
CUST_00458;52;101;44.60696587979982;0;4.3622971489580715;0
CUST_00459;66;27;67.66954750411591;4;2.893916904259489;1
CUST_00460;34;55;59.43653238183502;2;3.48278076898958;0
CUST_00461;61;33;74.94142384304533;0;4.167068351607085;0
CUST_00462;45;68;94.68757161358226;2;3.457278502813583;0
CUST_00463;47;86;91.54909070992744;6;1.7534388300387143;1
CUST_00464;46;66;72.12341324853344;0;4.936133626658976;0
CUST_00465;63;10;102.23934188170581;5;2.968379961762536;1
CUST_00466;70;5;63.08620915380333;1;4.341499432300406;0
CUST_00467;23;74;109.67142898401224;1;3.6993339158913714;0
CUST_00468;52;97;27.12802700551639;2;3.3763407490160264;0
CUST_00469;77;118;115.46600300333074;4;2.7172727022046885;1
CUST_00470;58;38;85.46930814313482;3;3.099241332560284;0
CUST_00471;54;13;58.00745089372053;1;3.873329530741787;0
CUST_00472;41;31;39.715412657287736;0;4.057397299515253;0
CUST_00473;46;47;67.91832294436;6;1.767808847692442;1
CUST_00474;66;100;39.4558323185301;4;2.7766096129729525;0
CUST_00475;63;109;36.63316077431422;3;3.134284564742859;0
CUST_00476;70;88;81.73517574129741;2;3.9862597379388784;0
CUST_00477;48;52;72.30847245817847;3;3.1426811748437276;0
CUST_00478;52;56;87.00960346109417;0;4.5753209875815415;0
CUST_00479;77;15;112.96058774219892;1;4.447038129394256;0
CUST_00480;50;29;73.22602133390401;0;4.193597180753426;0
CUST_00481;69;8;78.09320532627977;6;2.089752900196854;1
CUST_00482;78;5;28.962633915494212;6;1.6225749583105782;1
CUST_00483;38;29;91.76357859086295;3;3.518320645525475;0
CUST_00484;49;47;59.99052068041562;2;3.7193298876949235;0
CUST_00485;40;68;117.67252386625789;0;4.5520045453311315;0
CUST_00486;50;76;102.31740155956602;11;1.0;1
CUST_00487;20;45;72.24810405161183;3;3.3738847211692202;0
CUST_00488;35;2;32.322265417216606;1;4.312446543579075;0
CUST_00489;42;27;105.94157932805892;4;3.2396795286330655;1
CUST_00490;59;95;99.97810954240217;2;3.917844415963861;0
CUST_00491;48;115;38.4585129537033;1;4.366748308733608;0
CUST_00492;71;115;49.527828922031006;1;3.8659264689941217;0
CUST_00493;75;36;99.34072581478372;3;3.7692248217408397;0
CUST_00494;20;36;38.522844654740965;0;4.382537252086779;0
CUST_00495;57;26;111.77524891713773;3;3.0393386579763932;0
CUST_00496;63;43;62.45274251963619;1;4.119276543531027;0
CUST_00497;41;27;28.703896258765866;1;3.6684350199920814;0
CUST_00498;67;69;101.57486435042809;0;4.292119304763465;0
CUST_00499;49;20;57.35096830383876;0;4.252076348688583;0
CUST_00500;64;11;72.6499194153781;6;2.4030665125591293;1
CUST_00501;39;74;31.230434441121915;3;3.0227044241609264;1
CUST_00502;40;104;20.25840148449824;1;3.7679052639168846;0
CUST_00503;19;38;83.79852057932976;2;3.8387336115940105;1
CUST_00504;44;6;71.51751703337317;0;4.7866369319670286;0
CUST_00505;59;72;79.35385691231471;2;3.8149493207963836;0
CUST_00506;19;23;99.37438503805163;3;3.0603920309998625;1
CUST_00507;43;47;84.66059134228601;2;3.7823609941312974;0
CUST_00508;34;90;37.47734428273772;3;3.063348124775212;1
CUST_00509;57;46;56.07725191105998;1;4.486435459022462;0
CUST_00510;50;107;110.58911047877604;1;3.7939882895115153;0
CUST_00511;26;12;96.9944700251679;2;3.946792518357643;0
CUST_00512;60;90;75.66370579367172;5;2.751071012285406;1
CUST_00513;71;13;45.56449978092723;1;4.009619034796139;0
CUST_00514;65;104;50.206050183479505;8;1.7298819542530102;1
CUST_00515;56;62;93.19580675856345;0;4.9737022733153315;0
CUST_00516;46;82;105.11742608527709;1;4.33897133470655;0
CUST_00517;59;89;87.14246695306144;4;2.8619324492651774;1
CUST_00518;72;97;100.95299757684418;2;3.292383613774773;0
CUST_00519;43;111;96.6656135200406;1;3.7535648236926926;1
CUST_00520;52;104;34.97039679569578;0;4.5095535400790245;0
CUST_00521;67;60;62.3944812913302;2;4.162948006306507;0
CUST_00522;42;43;35.29838008285627;1;4.06474726537069;0
CUST_00523;41;76;43.52355848019848;5;2.2952044000747045;1
CUST_00524;30;108;106.92596246510526;7;1.860835467474966;1
CUST_00525;77;100;67.28919656331821;11;1.0;1
CUST_00526;75;112;73.53581018426608;2;3.9214320467943407;0
CUST_00527;24;68;37.84459652277721;2;3.428411135532186;0
CUST_00528;74;5;51.2271786048796;3;3.4487561677166716;0
CUST_00529;53;37;43.024616842787;2;3.38801850931429;1
CUST_00530;62;72;40.61861645184264;6;2.280478548192524;1
CUST_00531;37;106;83.79607933159701;2;4.036444961586182;0
CUST_00532;18;113;45.68838476457148;0;4.564151640486392;0
CUST_00533;25;92;83.20154860204184;0;4.547725487710861;0
CUST_00534;63;31;25.845461410855393;1;4.583891781450663;0
CUST_00535;33;9;34.17743935271019;0;4.882954927293674;0
CUST_00536;31;118;47.45402540001254;2;4.015073981227182;0
CUST_00537;29;51;79.70469168956916;0;4.886412682621325;0
CUST_00538;68;29;87.5841245087376;2;3.8584739245786364;0
CUST_00539;40;78;64.27169667795272;2;3.235377144382982;1
CUST_00540;32;40;64.5790914577229;3;3.290777461672922;0
CUST_00541;45;41;92.45168513986181;1;3.972443976129353;0
CUST_00542;51;86;21.582109176558244;4;3.0436135214769715;0
CUST_00543;19;11;54.10900244742206;8;1.4765122383568539;1
CUST_00544;49;23;101.87070571192328;2;4.176853228084992;1
CUST_00545;40;1;80.32194102133722;2;3.699666344323978;1
CUST_00546;39;46;53.722713275542034;0;4.516390993248334;0
CUST_00547;68;101;110.55247923296739;2;4.042169273818877;0
CUST_00548;42;21;97.26227274493826;4;2.635675999793296;1
CUST_00549;75;90;46.48954472367334;1;4.107325669688997;0
CUST_00550;79;110;84.52898375257169;2;3.861006029838427;1
CUST_00551;78;36;79.57507281889568;0;4.853091090977073;0
CUST_00552;39;54;60.11879140389827;5;2.4478391730289877;1
CUST_00553;75;87;56.695607920480064;4;2.6471829739111903;1
CUST_00554;75;57;54.35604747757039;3;3.518000647315028;0
CUST_00555;39;1;81.71557833956467;8;1.5812056484232773;1
CUST_00556;66;63;64.24099364806695;3;3.278065035935423;0
CUST_00557;69;54;103.1863113251422;0;4.844656697489983;0
CUST_00558;59;55;86.96026161339618;7;1.5333866134057148;1
CUST_00559;23;115;26.993160570943413;0;4.39465637205577;0
CUST_00560;32;40;84.01682238281661;8;1.7129179504085712;1
CUST_00561;71;15;47.11474365001848;1;4.563479620618626;0
CUST_00562;60;21;79.28119916534227;0;4.3797113474114155;0
CUST_00563;77;47;88.01319311034514;5;2.705706226011259;0
CUST_00564;54;73;43.08291891540121;4;3.3135542468266013;1
CUST_00565;50;53;65.68586448803686;2;3.4405712950435134;0
CUST_00566;25;9;39.032486281906785;1;4.285955996982356;0
CUST_00567;70;74;25.23388757865083;7;1.740400450361776;1
CUST_00568;77;52;57.84764234858691;1;4.36318707254623;0
CUST_00569;61;57;56.2944271845992;0;4.372682921642036;0
CUST_00570;61;117;119.5480490704257;2;3.898511584645641;1
CUST_00571;22;26;64.63523511976422;3;2.8319790387723716;1
CUST_00572;56;41;53.35695494722004;3;3.0970524513830933;1
CUST_00573;21;35;78.04750067166746;7;2.063277723626534;0
CUST_00574;23;63;28.876739410776846;1;4.183305160326533;0
CUST_00575;62;116;116.16657359548132;3;3.4145789002701212;0
CUST_00576;49;25;83.49600455910331;3;3.2657528892796166;0
CUST_00577;69;90;95.48378199408478;9;1.0;1
CUST_00578;47;75;37.04779381739175;0;4.416577984816998;0
CUST_00579;64;38;60.94778530052039;1;4.5384433224;0
CUST_00580;52;2;62.26891133961895;6;1.9445843031971446;1
CUST_00581;72;7;102.18064439010868;6;2.5917347020541412;1
CUST_00582;57;82;20.123667975940943;4;2.620039539459607;1
CUST_00583;69;91;50.08531083532551;3;3.133363927588758;0
CUST_00584;33;34;118.12363743443039;2;3.891214341647414;0
CUST_00585;30;91;67.48865435062186;2;3.9075581954104845;0
CUST_00586;67;17;58.25262802440083;5;2.201727003453694;1
CUST_00587;77;43;31.982900201764636;4;2.6166633080753794;0
CUST_00588;59;59;117.41646286280155;5;2.64769764562324;0
CUST_00589;47;108;22.002635592582447;2;3.9010522719202196;0
CUST_00590;36;51;93.71802250072432;3;3.2401752111172097;1
CUST_00591;34;54;96.85998047885084;3;3.7916343400158556;1
CUST_00592;73;24;44.36567160638666;1;4.517332962013457;0
CUST_00593;36;25;87.15584436130374;1;4.473830409851263;0
CUST_00594;45;71;29.292914437938993;1;4.4145881821728254;0
CUST_00595;75;52;45.70472664320799;1;4.08798187332453;0
CUST_00596;72;70;98.7901988292265;0;4.007758085138878;0
CUST_00597;43;117;106.46861920335402;1;3.9473865982526464;0
CUST_00598;54;88;80.84864126597913;1;4.538701205550776;0
CUST_00599;43;33;70.68384318204826;2;3.6744206259377585;1
CUST_00600;70;49;35.93040206189803;2;3.703354787610496;0
CUST_00601;79;29;26.310903307915016;1;4.455832184181951;0
CUST_00602;40;63;31.764902847355863;9;1.0;1
CUST_00603;26;107;42.73573000960988;6;2.1592347523246307;0
CUST_00604;29;22;54.16745018969208;3;2.80544085939026;0
CUST_00605;70;26;58.090952551098724;7;1.7799277047478355;1
CUST_00606;18;28;54.63217685890035;1;3.9920422973163903;0
CUST_00607;75;114;43.905533219726564;2;4.09523746354856;0
CUST_00608;75;85;70.9724246751698;1;4.14577217619313;0
CUST_00609;18;49;102.52861082328968;3;3.5612341059960264;1
CUST_00610;64;71;47.97035384714792;6;1.7644352014287645;1
CUST_00611;51;81;114.23870191022331;5;2.2160804151324602;1
CUST_00612;49;84;107.33366617238478;1;3.775820000374641;1
CUST_00613;79;105;36.17642113521096;2;3.476390562242049;0
CUST_00614;71;49;98.62759567570944;3;2.9673167763799486;0
CUST_00615;65;20;77.45873823177666;2;3.9991712498250793;0
CUST_00616;42;118;76.65753621714185;6;2.147956223420198;1
CUST_00617;57;86;59.10427630581744;2;3.508153120054032;0
CUST_00618;62;92;70.11529991820098;2;3.562607502064865;0
CUST_00619;70;63;59.717877742921104;0;4.283645517125913;0
CUST_00620;18;61;73.97326187599428;3;3.5757416168487683;1
CUST_00621;33;104;82.79500527726358;0;4.90156529095501;0
CUST_00622;78;49;87.43038064090484;2;3.283193421925224;0
CUST_00623;56;71;73.24811925594261;1;4.039828104432641;0
CUST_00624;22;1;92.14220673287318;2;4.046174075492589;0
CUST_00625;39;96;34.12780492755058;0;4.206563418112639;0
CUST_00626;46;13;41.198249090223854;3;2.8850700633707174;1
CUST_00627;72;94;101.87350040742702;3;3.630436481428891;1
CUST_00628;20;87;52.252797784641515;5;2.1825875447308896;1
CUST_00629;29;51;22.289382497612024;0;4.066774938680871;0
CUST_00630;43;56;35.37911496680311;3;2.8616383997039825;0
CUST_00631;33;83;42.361443449631125;3;2.8858435383464984;1
CUST_00632;68;62;115.73228878945872;8;1.253578987639897;1
CUST_00633;54;32;77.30414289308493;2;3.8437886827461307;0
CUST_00634;39;30;113.27307404762549;0;4.992727192305991;0
CUST_00635;74;29;77.5163350496625;2;4.139087773128473;0
CUST_00636;46;49;67.93544401378517;4;2.9711609847026095;1
CUST_00637;31;45;51.372769119409604;6;2.2006738536084893;1
CUST_00638;45;93;80.63709444333756;5;2.8152860904301167;1
CUST_00639;22;30;33.91980246175298;1;4.204519971968343;0
CUST_00640;64;16;109.82616272927059;2;4.025349934544632;1
CUST_00641;66;40;102.93324051412837;4;2.5512087472241594;1
CUST_00642;47;19;51.753144787673705;6;2.3018051221244007;1
CUST_00643;63;18;115.27975276012943;3;3.20143564984169;0
CUST_00644;79;1;102.5200767415568;4;2.8971569380009132;0
CUST_00645;69;78;86.63068858350397;3;3.7481179224060077;0
CUST_00646;22;115;32.176191112527476;1;3.6577662805088336;0
CUST_00647;29;47;67.82340230480722;2;3.672774021749517;1
CUST_00648;33;114;70.61075548467508;3;3.4749423566081843;1
CUST_00649;43;66;43.25513583653801;1;4.441873430366932;0
CUST_00650;43;118;27.996539435930195;9;1.061473365273164;1
CUST_00651;65;92;97.67236304716927;0;4.979488396976611;0
CUST_00652;38;113;32.2035052124395;1;4.236441844651702;0
CUST_00653;56;114;79.42907505617748;2;3.6685140726954955;0
CUST_00654;53;94;113.64491738836605;0;4.128133754149055;1
CUST_00655;50;38;107.61051925980425;0;4.312625582302203;0
CUST_00656;79;51;47.775262374926115;0;4.888417686866759;0
CUST_00657;47;63;105.14486375512654;8;1.6522536755620387;1
CUST_00658;54;4;20.033250612048942;1;4.171876632181625;0
CUST_00659;40;1;21.76878096132572;0;4.804292248361212;0
CUST_00660;75;8;80.25531638428649;4;3.372150222417244;0
CUST_00661;27;29;56.47982191445295;3;2.9949851198819295;1
CUST_00662;71;55;58.64608411591471;5;2.980477429302006;1
CUST_00663;22;103;76.44410906788825;1;3.7693103948019857;0
CUST_00664;53;3;39.17824555918606;8;1.6558960369670337;1
CUST_00665;51;32;41.17553506654784;7;1.2253215891928835;1
CUST_00666;69;10;68.46015870188647;3;3.1961260881738096;0
CUST_00667;48;74;95.4253544343863;1;3.8650170283701044;1
CUST_00668;27;83;81.94977514075876;1;4.489516372031935;0
CUST_00669;75;110;49.73550482368389;1;3.7378959265485197;0
CUST_00670;36;34;63.03371775089212;0;4.160807657128462;0
CUST_00671;75;97;37.06647585499984;2;3.5470072684582825;0
CUST_00672;49;87;27.462981433708173;0;4.497725135404613;0
CUST_00673;18;55;98.26960407441493;1;3.878510826868327;0
CUST_00674;73;92;46.53874091881946;0;4.994071784663122;0
CUST_00675;22;32;37.77663878512482;1;4.0075592446015404;0
CUST_00676;62;50;89.16180555693194;5;2.1525938650707634;1
CUST_00677;21;7;81.80516742871859;4;3.043100112825245;0
CUST_00678;33;93;83.31896260134641;12;1.0;1
CUST_00679;41;8;42.88946048466136;3;3.3791227502567938;0
CUST_00680;33;65;43.2645538562681;0;4.272895550941493;1
CUST_00681;72;57;42.080262978563916;0;4.8926987896293275;0
CUST_00682;19;119;37.37525956622945;1;4.393951439787109;0
CUST_00683;66;67;85.57236725616563;1;4.4524481531713;0
CUST_00684;45;88;104.80158852494014;0;4.203052244424775;0
CUST_00685;49;87;92.43174696766613;3;3.737107377547513;0
CUST_00686;44;59;99.20936337605433;6;1.9134134978855668;1
CUST_00687;37;72;60.479842908519984;1;4.233543079246808;0
CUST_00688;41;54;85.40757953719981;4;2.6442087571146975;1
CUST_00689;29;111;55.42362404447745;7;1.235616581215962;1
CUST_00690;67;101;72.550462196864;0;4.885454700413518;0
CUST_00691;52;67;68.16348465348624;0;4.6856149589325415;0
CUST_00692;77;51;37.68871451438544;7;1.3898745722811428;1
CUST_00693;50;97;58.70787603356308;0;4.733841613948823;0
CUST_00694;50;92;116.3822275482351;1;4.384879402953959;0
CUST_00695;78;111;44.85802577149421;6;1.774622022131028;1
CUST_00696;68;8;33.38037362794887;2;3.21291763599403;1
CUST_00697;60;34;61.85806216239353;0;4.443119409852034;0
CUST_00698;54;35;99.03377358601482;0;4.721951251666661;0
CUST_00699;29;96;78.21482297799723;1;4.201434038399945;1
CUST_00700;20;88;88.09748272382446;1;4.429869672616391;0
CUST_00701;18;78;38.969484817467716;4;2.6381127211092474;1
CUST_00702;50;32;81.89481930077216;7;1.4265259821772318;1
CUST_00703;57;46;52.35003949114738;11;1.0;1
CUST_00704;27;107;103.43033659547675;3;3.773397436403436;0
CUST_00705;60;16;82.92988060107362;6;2.0380186583736206;1
CUST_00706;61;68;39.88562777752959;7;1.9857445656568153;1
CUST_00707;46;116;26.461667984408614;1;4.259116984507642;0
CUST_00708;30;37;24.263320928703273;10;1.0;1
CUST_00709;29;54;57.14085676501407;1;4.407966347638504;0
CUST_00710;48;85;46.58511366543135;3;3.16165824941891;1
CUST_00711;63;14;84.60901234625081;2;3.545433808776402;1
CUST_00712;19;95;69.93338349786183;6;1.645906085097699;1
CUST_00713;78;55;46.60192780053807;0;4.224839071471063;0
CUST_00714;68;48;34.923777795017614;10;1.0;1
CUST_00715;67;82;32.71997626874496;2;3.6683992509821066;0
CUST_00716;52;7;106.46603921404177;0;4.81321919283763;0
CUST_00717;40;74;44.34779684048672;1;4.174436634281648;0
CUST_00718;34;7;85.17106479109684;12;1.0;1
CUST_00719;43;33;101.06859279862663;3;3.1215807482862874;1
CUST_00720;25;23;81.4081311184736;1;3.9922908881680725;0
CUST_00721;46;85;105.95652316469457;1;4.206022171082756;1
CUST_00722;43;19;59.23937215284745;1;4.334686893004158;0
CUST_00723;27;112;115.62221906489484;1;4.4317691567963164;1
CUST_00724;43;19;33.3145004178097;2;3.506154613727734;0
CUST_00725;79;36;30.21495296575381;2;3.554601325687515;0
CUST_00726;51;29;85.86921462074436;10;1.0;1
CUST_00727;68;60;114.28311414132618;2;3.827472547197205;0
CUST_00728;58;82;100.8883461636328;4;3.137592177429255;1
CUST_00729;24;2;27.641685943805143;8;1.0402786713190744;1
CUST_00730;21;1;47.93677139347164;5;2.226352604944666;1
CUST_00731;75;47;113.03188848378237;1;4.144383626033159;0
CUST_00732;70;69;45.305843280078456;1;3.9880959152326754;1
CUST_00733;67;20;98.11704237869192;9;1.0264803357682588;1
CUST_00734;62;11;102.51321959287039;0;4.298052799880193;0
CUST_00735;28;106;69.54521034609817;2;3.364278403352129;0
CUST_00736;46;2;58.63489098483155;3;3.1117667226643504;1
CUST_00737;73;67;65.01244324197597;10;1.0;1
CUST_00738;53;87;42.69646943653642;5;2.5413420405076295;1
CUST_00739;42;119;108.93909161288443;2;3.557680349024256;0
CUST_00740;38;12;65.06196567297579;3;3.1201891083986695;1
CUST_00741;78;20;108.24594404560997;1;4.04127055647546;0
CUST_00742;74;5;30.56934799062741;9;1.0;1
CUST_00743;53;37;118.82752710001313;1;4.503411317505467;0
CUST_00744;27;38;64.32730874436183;0;4.048234483857673;0
CUST_00745;54;94;24.783082039410544;0;4.2092269362679655;0
CUST_00746;26;9;23.802184823745492;4;3.0260721302932163;0
CUST_00747;41;98;94.62072574818386;3;3.23718738904637;1
CUST_00748;52;53;85.90355342036808;5;2.9526754698635784;1
CUST_00749;66;44;100.21305581275875;2;4.15877218600094;0
CUST_00750;52;99;30.536753395280595;11;1.0;1
CUST_00751;65;116;23.557086703554834;9;1.0;1
CUST_00752;53;86;70.85792894475784;3;2.947852252199988;1
CUST_00753;35;108;58.759523148276955;1;4.040814120020151;1
CUST_00754;66;24;66.19469366709558;5;2.4678672604176475;1
CUST_00755;56;81;119.1588408870274;1;4.197690466208534;1
CUST_00756;49;74;117.07499576706702;0;4.838402044041979;0
CUST_00757;41;30;114.23153896731928;2;4.081645898673413;0
CUST_00758;40;59;98.38426767676738;1;3.8393202387790337;0
CUST_00759;79;110;55.48413602568904;9;1.0;1
CUST_00760;49;87;61.21309302627716;12;1.0;1
CUST_00761;54;96;74.96160437189245;3;3.1405543412843615;0
CUST_00762;29;81;103.05344564048399;2;3.285542349119059;0
CUST_00763;66;114;26.871283251826775;2;4.109886367065855;0
CUST_00764;72;115;62.429688588488816;2;3.4295185468809706;0
CUST_00765;30;81;28.26176634592687;4;2.783183115624425;0
CUST_00766;40;14;71.46575865735116;1;4.001362821170138;0
CUST_00767;42;9;109.89008240062354;5;2.70745957151843;0
CUST_00768;52;40;98.24849245639379;6;1.9161066452223228;1
CUST_00769;58;66;42.784241754311;0;4.2052022451792235;0
CUST_00770;47;109;117.59908495987925;1;4.487141835056303;1
CUST_00771;34;25;86.73503980464284;7;1.666478569019016;1
CUST_00772;66;103;21.042769939740307;4;3.2987348190125902;0
CUST_00773;79;73;45.54134846852195;1;3.727425980702355;0
CUST_00774;37;118;46.071329991991654;5;2.4923632773436526;1
CUST_00775;65;22;26.925430628585993;1;3.7920343107392425;0
CUST_00776;42;107;115.9826518075929;7;1.8319143623337855;1
CUST_00777;39;110;67.82552945759238;3;3.6749217731836743;0
CUST_00778;30;4;109.5814597371882;2;4.158500695614289;0
CUST_00779;76;26;52.221550344462834;1;4.318490379227624;0
CUST_00780;36;58;32.523357043282715;0;4.755766299635922;0
CUST_00781;66;29;67.43361099062139;1;4.039648025980037;0
CUST_00782;53;109;31.395663471431718;8;1.7782611619362925;1
CUST_00783;29;98;68.60155029775399;1;4.079429455700827;1
CUST_00784;78;87;112.02971812194077;6;2.2082282579879964;1
CUST_00785;58;37;72.07681418342128;3;3.222877730085558;0
CUST_00786;36;75;81.64997268950835;3;3.097582471849635;0
CUST_00787;29;70;35.66384369738083;6;1.9659080549201606;1
CUST_00788;26;18;24.37356258799695;3;2.8153556306266334;0
CUST_00789;24;85;31.080796217980705;0;4.861734656123129;1
CUST_00790;45;42;79.85315756843656;0;4.570262991070221;0
CUST_00791;31;100;29.501169899230465;1;4.175169263356689;0
CUST_00792;48;41;57.59928899413114;1;4.182946796297079;0
CUST_00793;69;38;75.0091940458156;3;3.1362016079573314;0
CUST_00794;36;34;58.8652798629847;6;2.110171939453277;1
CUST_00795;75;17;36.36838014653015;4;2.882567440187037;0
CUST_00796;64;37;47.379130751410656;7;1.7676440078532352;1
CUST_00797;33;25;112.8317532848577;3;2.8083005389814373;1
CUST_00798;70;102;87.59822755863554;3;2.872438651180958;0
CUST_00799;22;76;69.60478386798866;7;1.8922758106356288;1
CUST_00800;52;87;21.271488998689353;1;4.488406075233333;0
CUST_00801;29;117;119.24154004894702;2;3.360235275961397;1
CUST_00802;42;106;87.14549348946433;4;2.4028297485742756;1
CUST_00803;69;86;51.692247734494494;4;3.1073911059603545;0
CUST_00804;76;85;107.92686599978381;0;4.6422150741582335;0
CUST_00805;38;27;45.84316202918181;9;1.0;1
CUST_00806;53;57;74.40165791827516;0;4.28887048199691;0
CUST_00807;70;31;83.6070763729825;3;3.5043616682203638;1
CUST_00808;40;6;42.10633714537285;1;4.018953508716084;0
CUST_00809;33;91;117.83972788005958;4;2.455770420635744;1
CUST_00810;74;40;94.81919059789975;1;3.7881868930542213;0
CUST_00811;56;98;75.781322551107;0;4.25816728627134;0
CUST_00812;62;12;38.05945981753008;0;4.263003688272978;0
CUST_00813;70;109;25.385820699802615;2;4.02197967570773;0
CUST_00814;59;53;52.005983252098346;2;3.3753187607720636;0
CUST_00815;75;71;95.31873359134028;3;3.523881367556542;1
CUST_00816;56;10;46.9331298302025;1;3.66963334209847;0
CUST_00817;31;45;73.95562204955051;3;3.435360008986217;1
CUST_00818;48;17;92.79471767307432;4;2.5423396029577434;0
CUST_00819;75;26;30.794371464646435;1;4.333766505482198;1
CUST_00820;22;85;88.52980161158733;0;4.48547306341776;0
CUST_00821;52;92;29.18708877100447;5;2.8931147045109395;1
CUST_00822;40;62;116.51297421269966;2;3.539881097003826;0
CUST_00823;46;46;68.83941300649396;0;4.163920724833162;0
CUST_00824;60;64;35.06761077098774;2;3.481552718697584;0
CUST_00825;28;2;54.23836360335465;5;2.476741487061343;1
CUST_00826;35;54;61.34164492952615;5;2.9548841213985404;1
CUST_00827;64;107;95.81850110765373;2;3.266558992829142;0
CUST_00828;29;65;94.34237860766093;0;4.294510451421365;0
CUST_00829;26;51;81.1940505337331;4;2.654135761634667;1
CUST_00830;27;53;30.593071255849296;3;3.0053194244891928;0
CUST_00831;75;36;35.15693715876736;3;3.052256574072389;0
CUST_00832;61;115;29.375692064555665;0;4.558883835901666;0
CUST_00833;34;26;77.71727832875501;3;3.0663781707120528;1
CUST_00834;78;29;107.71384415114039;3;3.1749732121896708;1
CUST_00835;55;21;63.38005122547718;0;4.1459836663312135;0
CUST_00836;24;11;36.08481739577462;3;2.9975401846626295;0
CUST_00837;63;40;75.80423251489671;1;4.55862561753274;0
CUST_00838;30;11;101.17522168657099;6;2.2211129096673945;1
CUST_00839;57;36;94.171206151293;8;1.7652838478161053;1
CUST_00840;59;113;108.14507796750213;6;2.4979250752339017;1
CUST_00841;26;59;47.79020972488678;11;1.0;1
CUST_00842;67;39;39.39538672677749;1;3.7261781788377464;1
CUST_00843;44;104;107.98164859419387;3;3.6801752412907325;1
CUST_00844;75;99;85.75603127780231;0;4.548910712533169;0
CUST_00845;19;54;51.09289300075542;1;3.689121095193556;0
CUST_00846;22;98;94.23480505725092;2;3.385699016328412;0
CUST_00847;46;55;101.51183844803678;12;1.0;1
CUST_00848;54;111;81.49782403411324;1;3.8284285606711688;0
CUST_00849;55;24;88.78841098799151;4;2.877306225955463;1
CUST_00850;36;118;57.52599044426663;3;3.641907662717151;0
CUST_00851;25;22;73.8695667343039;5;2.875263886778321;1
CUST_00852;65;69;72.41591707261622;3;3.61163176793293;0
CUST_00853;62;56;104.80477911307719;6;2.24907790503432;1
CUST_00854;18;33;103.99639802821825;5;2.069470732325981;1
CUST_00855;39;36;103.26804693470432;1;3.8003215863463984;0
CUST_00856;69;111;21.10316142624658;3;3.3671984387736824;0
CUST_00857;34;20;94.95454844688882;1;4.106923290212426;0
CUST_00858;24;83;95.86763901110048;1;4.334390542333585;0
CUST_00859;42;99;87.83788228551418;3;3.09564704352787;0
CUST_00860;62;116;95.62646578914526;0;4.197234328537962;0
CUST_00861;21;107;104.19703714967088;4;3.1610953043324233;1
CUST_00862;53;81;67.03190541017857;0;4.958178376213534;0
CUST_00863;23;62;70.20502134884472;2;3.57611105683703;0
CUST_00864;77;109;32.47140569113905;2;3.6374878808646836;0
CUST_00865;48;107;58.53758830473618;9;1.0;1
CUST_00866;36;98;84.33651799117843;3;3.15610605822679;0
CUST_00867;78;73;98.03997761472745;0;4.4493867020148565;1
CUST_00868;61;26;41.72090976912105;2;3.9494184234058074;0
CUST_00869;71;66;33.78228991592354;2;3.8022710243772777;1
CUST_00870;56;117;86.30420045004922;4;2.9718864302527583;0
CUST_00871;44;73;20.187988352491065;0;4.119752005524436;0
CUST_00872;27;73;37.83725843073299;4;2.4390958458710403;1
CUST_00873;43;40;22.907138034395373;6;1.7069986376035025;1
CUST_00874;36;17;36.688511785487094;7;1.4808219759480201;1
CUST_00875;56;1;38.13192799255052;4;2.8150072663941783;1
CUST_00876;79;89;58.76735947503942;0;4.310738364534045;0
CUST_00877;20;61;60.2327124686556;1;3.6608907792673104;0
CUST_00878;62;43;107.42624706102377;6;2.350001264776168;1
CUST_00879;30;104;71.01097124988252;4;2.864879492326595;1
CUST_00880;67;42;92.34047656122863;4;2.710391980999592;1
CUST_00881;45;25;30.413735792028746;1;3.920752998675725;0
CUST_00882;79;39;42.543875546369385;5;2.747721040423164;1
CUST_00883;75;35;90.29434409786768;6;2.013268472610248;1
CUST_00884;37;3;25.280396046852808;1;3.8040868575798434;0
CUST_00885;45;114;68.65976622437532;1;4.124921019949756;0
CUST_00886;25;101;79.93689656629338;6;1.8067019233012647;1
CUST_00887;78;108;80.2145644052481;2;3.840117402245445;0
CUST_00888;58;44;22.293281126804203;3;2.861239872836241;0
CUST_00889;56;51;52.21080042291855;12;1.0;1
CUST_00890;18;94;83.6490651049154;2;3.604052049207386;1
CUST_00891;20;102;34.89997361492435;2;4.168638431195411;0
CUST_00892;30;98;89.54156483280532;2;4.029730862871406;0
CUST_00893;45;12;94.59252088136745;7;1.567066119528955;1
CUST_00894;79;19;118.19691904461453;1;4.1801296282177285;1
CUST_00895;74;101;40.98419948564094;0;4.491836209541825;0
CUST_00896;77;44;102.51306676661152;2;4.1370285912663;1
CUST_00897;66;59;72.0296576918654;8;1.0;1
CUST_00898;42;49;57.34625961441734;1;3.8154943977037825;0
CUST_00899;73;61;32.23767573251779;0;4.814646024278151;0
CUST_00900;50;17;93.55056064875376;4;2.7656706427426205;1
CUST_00901;55;74;43.58575991436871;0;4.181684788345728;0
CUST_00902;70;57;57.142200187304574;4;2.7591458635843997;1
CUST_00903;23;55;26.254222689736842;3;3.489601904704155;0
CUST_00904;75;113;100.13669158195191;1;3.9438888495218327;0
CUST_00905;61;47;96.65885239716434;2;3.989538252316788;0
CUST_00906;62;12;93.36158300423125;2;3.8817450027205793;0
CUST_00907;49;62;49.94435104918867;5;2.7599303468928214;1
CUST_00908;62;80;37.34800742659573;3;3.243074897609793;0
CUST_00909;78;88;83.75532644702298;5;2.891773353234451;0
CUST_00910;64;83;69.61663841132194;4;2.4666896196516612;0
CUST_00911;38;8;37.825246690464155;4;3.066487646337133;0
CUST_00912;33;95;88.59112710498637;5;2.781029872894199;1
CUST_00913;71;21;119.11264318213037;4;2.9034501863981688;1
CUST_00914;38;81;94.72195877420377;1;4.3230021815452835;0
CUST_00915;28;87;93.99863866856118;1;4.0650959136173554;0
CUST_00916;77;101;115.03127529305917;2;3.851490850217915;0
CUST_00917;54;118;40.29363675749022;0;4.867933189230959;0
CUST_00918;53;80;76.55499649214404;6;2.334104757972738;1
CUST_00919;52;70;117.96467150338835;5;2.5615601550384746;1
CUST_00920;36;72;36.52941109701746;2;4.1697067735203746;0
CUST_00921;37;25;90.02519594445211;0;4.229357472985238;0
CUST_00922;74;82;78.5810145971902;6;1.9781754354095837;1
CUST_00923;35;89;78.6479092188707;7;1.5986403927216455;1
CUST_00924;64;12;89.76706275200752;2;3.653950068117234;0
CUST_00925;58;15;112.96169228756843;0;4.409686827674932;0
CUST_00926;66;59;98.2581939851338;2;3.26534804729278;0
CUST_00927;31;26;25.613610341621;10;1.0;1
CUST_00928;32;105;105.27280198757113;2;4.152200290342251;0
CUST_00929;48;109;42.55413299257326;5;2.8085065900691975;1
CUST_00930;18;26;57.6914164736372;10;1.0;1
CUST_00931;70;47;66.17328136123822;1;4.418805540530817;0
CUST_00932;71;32;68.09060007530697;0;4.32805611415135;0
CUST_00933;71;10;63.51803992553568;0;4.540516698949835;0
CUST_00934;20;16;113.73532942158644;11;1.0;1
CUST_00935;33;71;90.60190076640247;2;3.9731140851970554;0
CUST_00936;40;17;83.11706459567063;4;3.0891698989725054;1
CUST_00937;74;23;24.984202778294154;3;2.815759283198351;0
CUST_00938;28;26;110.39133302603747;3;2.968241859197753;1
CUST_00939;29;85;110.93901920083962;2;3.7302007793214673;0
CUST_00940;27;86;98.02130634301024;0;4.4454031144540105;0
CUST_00941;49;7;20.702920381361917;0;4.15682207934716;0
CUST_00942;33;14;25.728025107762335;12;1.0;1
CUST_00943;25;79;42.52237022684898;4;3.1939762764179154;0
CUST_00944;55;117;33.13494081449067;3;2.9715554614456146;1
CUST_00945;29;7;59.88360297037295;7;1.6622275087243563;0
CUST_00946;41;9;112.26230580877896;6;2.4469574028361785;1
CUST_00947;45;115;67.20604341969982;3;3.294414168815602;0
CUST_00948;70;48;21.340262643216562;2;3.7867966194031415;0
CUST_00949;25;72;48.2745689578762;0;4.123157468118242;0
CUST_00950;75;114;24.459490837296155;2;4.0739445686392965;0
CUST_00951;45;59;23.628762261350214;2;3.3247901955519747;0
CUST_00952;53;87;47.571985309555224;0;4.4877889831897155;0
CUST_00953;43;93;47.56123386789454;11;1.0;1
CUST_00954;25;82;98.7126602601604;2;4.0380328155970595;0
CUST_00955;75;95;117.4834652781112;3;3.0991820373613206;0
CUST_00956;77;94;57.12070938899983;6;1.6731932908899592;1
CUST_00957;67;116;62.88868788610386;0;4.62462264610068;0
CUST_00958;45;39;104.47894362860214;5;2.7584149993291667;1
CUST_00959;45;99;46.81390200955134;3;3.2451330830008427;1
CUST_00960;54;18;35.6381804403448;0;4.2038140515661295;0
CUST_00961;58;59;105.30896234036504;0;4.996232305449467;0
CUST_00962;53;106;24.65005864400655;6;1.9686225636045704;0
CUST_00963;44;103;81.96994401994158;4;2.803483999301369;0
CUST_00964;71;17;76.19928474668068;2;3.88184781419584;0
CUST_00965;34;14;54.59204475016943;6;2.1485769963950294;1
CUST_00966;26;31;51.5189521097359;4;3.1530367758381788;1
CUST_00967;50;24;97.18577261816213;5;2.2101142620481573;1
CUST_00968;70;99;28.642461076254648;0;4.3654650666338926;0
CUST_00969;37;108;43.678430931138536;3;3.2672883779610147;0
CUST_00970;30;60;93.24487318380898;1;4.207473801582172;0
CUST_00971;45;45;74.83205837264242;6;2.3086156139792675;1
CUST_00972;65;98;32.798820853358635;6;1.7772635139565682;1
CUST_00973;46;3;108.213561428206;2;3.7485923295664314;0
CUST_00974;30;37;59.34478465635915;5;2.4985525801583273;1
CUST_00975;63;43;102.78683753221728;2;3.6791712694592587;0
CUST_00976;52;40;98.77130155277086;0;4.551633064568423;0
CUST_00977;78;90;82.44254464717281;5;2.7439115737615762;1
CUST_00978;23;55;69.4481131295093;3;3.679659559756948;0
CUST_00979;35;87;117.95508403817568;12;1.0;1
CUST_00980;68;108;34.4965072379817;6;1.842537476659311;1
CUST_00981;22;39;92.51557275511148;1;4.3764721776984885;0
CUST_00982;64;15;39.119070146478904;1;4.544327185046024;0
CUST_00983;42;113;53.82631053323484;0;4.202482593304114;1
CUST_00984;19;4;50.86987433731953;4;3.2459383471393517;1
CUST_00985;27;93;114.7035987738723;1;3.9748539082666454;0
CUST_00986;73;86;116.73561777882752;0;4.6613567285521365;0
CUST_00987;47;25;38.30154442347272;6;2.47351974330869;1
CUST_00988;67;13;22.203516029750418;1;4.18551902074564;0
CUST_00989;76;82;92.00080396631131;1;4.5851911388673745;0
CUST_00990;62;33;61.798993387048434;0;4.15895501748744;0
CUST_00991;22;16;28.88402450875644;2;3.686502038658143;0
CUST_00992;72;109;88.37541055770426;2;4.060839989092038;0
CUST_00993;73;42;74.51055282606997;12;1.0;1
CUST_00994;50;108;118.0516822001106;1;4.152024807861473;0
CUST_00995;71;66;42.740949586137894;1;4.411130617184451;0
CUST_00996;18;55;60.397787632654826;2;3.9314008384989143;0
CUST_00997;35;99;74.25458033954229;0;4.465614435764737;0
CUST_00998;49;42;99.16999884533517;0;4.167390986961615;1
CUST_00999;64;34;74.88386567200587;4;2.9981603143100792;1
CUST_01000;66;30;81.29001608619492;2;3.483024726446452;1
